Employee_ID,Name,Age,Department,Role,Tenure_Years,Salary_USD,Performance_Rating,Manager_Rating,Leave_Days_Taken,Avg_Working_Hours_Week,Months_Since_Last_Promotion,Engagement_Index,Attrition
EMP0000,Allison Hill,29,Sales,Manager,4.1,100652,1,5,13,36,1,41,1
EMP0001,Noah Rhodes,54,Finance,Associate,8.6,57413,1,2,22,48,43,65,1
EMP0002,Angie Henderson,43,Sales,Associate,6.0,54290,5,1,29,47,10,100,0
EMP0003,Daniel Wagner,45,Finance,Specialist,10.7,80482,1,4,8,49,93,50,0
EMP0004,Cristian Santos,35,Operations,Manager,10.7,100225,2,4,12,43,56,71,0
EMP0005,Connie Lawrence,25,Engineering,Associate,12.2,53300,2,4,12,63,117,48,1
EMP0006,Abigail Shaffer,37,Operations,VP,8.3,246040,2,5,15,37,96,36,0
EMP0007,Gina Moore,31,Operations,Specialist,12.0,84306,4,5,8,52,2,44,0
EMP0008,Gabrielle Davis,56,IT,Manager,11.6,111667,1,3,16,59,45,94,0
EMP0009,Ryan Munoz,41,IT,VP,9.3,264523,5,3,15,35,14,76,0
EMP0010,Monica Herrera,41,Engineering,Associate,4.0,54724,5,2,4,56,30,100,1
EMP0011,Jamie Arnold,55,IT,VP,6.6,242394,3,4,28,51,57,45,1
EMP0012,Lisa Hensley,26,HR,Associate,9.0,43504,2,1,28,36,42,39,1
EMP0013,Michele Williams,39,Operations,Director,3.6,176743,4,4,6,38,6,85,0
EMP0014,Dylan Miller,48,Marketing,Associate,10.3,40014,2,2,6,52,57,47,1
EMP0015,Brian Ramirez,39,Marketing,Specialist,13.2,78376,1,1,29,59,60,51,1
EMP0016,Holly Wood,52,Engineering,Director,13.6,168040,3,4,22,65,142,92,1
EMP0017,Derek Zuniga,40,Engineering,Associate,8.9,62337,4,5,29,62,67,50,1
EMP0018,Lisa Jackson,54,Sales,Specialist,1.5,86458,2,5,19,36,2,83,0
EMP0019,Carla Gray,58,Finance,Manager,14.1,112074,2,3,14,45,18,31,0
EMP0020,Margaret Hawkins DDS,58,Sales,Associate,8.3,55578,3,3,5,49,69,68,0
EMP0021,Patty Perez,55,Sales,VP,4.8,218093,2,3,9,54,13,73,0
EMP0022,Ethan Adams,38,Finance,Director,4.1,153190,3,2,20,43,10,86,0
EMP0023,Tommy Walter,49,Finance,Associate,2.1,48936,2,4,4,36,9,76,0
EMP0024,Matthew Foster,24,HR,Specialist,10.4,69121,2,2,25,60,22,82,1
EMP0025,Judy Baker,43,IT,Director,12.1,187225,1,4,7,41,117,74,0
EMP0026,Justin Baker,36,Engineering,Associate,10.1,53809,5,4,21,61,68,72,0
EMP0027,Stephanie Ross,29,HR,Specialist,8.9,61916,3,4,19,51,14,79,0
EMP0028,Zachary Hicks,34,HR,Associate,10.8,38283,3,4,2,65,84,70,0
EMP0029,Anthony Rodriguez,29,Operations,Manager,7.9,120454,2,2,13,56,48,52,1
EMP0030,Rebecca Henderson,41,Marketing,VP,12.6,280958,3,4,14,49,54,95,0
EMP0031,James Ferrell,32,Operations,Associate,4.6,49663,2,2,0,36,15,90,0
EMP0032,Tricia Valencia,26,Marketing,Director,13.3,171396,2,1,28,59,27,84,1
EMP0033,Nathan Maldonado,55,Marketing,Associate,8.6,47678,5,5,10,65,96,86,0
EMP0034,Debra Davidson,54,Marketing,VP,7.0,233022,3,5,15,55,30,65,0
EMP0035,Jeffrey Chavez,40,Engineering,Manager,5.4,100343,2,2,2,48,52,72,0
EMP0036,Sherri Baker,48,Sales,Specialist,12.6,81953,1,3,9,59,99,83,1
EMP0037,Cassandra Gaines,56,IT,VP,13.5,259129,4,3,21,56,103,51,0
EMP0038,Elizabeth Fowler,30,Finance,VP,0.9,199927,4,2,27,49,2,36,1
EMP0039,Brittany Farmer,42,Engineering,Director,5.2,159237,1,5,1,65,22,58,0
EMP0040,Paula Moreno,24,IT,Associate,14.3,49290,1,5,30,41,119,62,0
EMP0041,Fred Smith,32,Finance,VP,14.5,271269,3,5,21,64,96,80,0
EMP0042,Sherry Decker,34,Sales,VP,10.5,275680,5,1,11,52,54,77,1
EMP0043,Anthony Humphrey,43,Sales,Director,12.4,179159,4,2,23,51,69,98,0
EMP0044,Angelica Tucker,51,Marketing,VP,4.4,234576,5,5,21,47,21,33,0
EMP0045,Philip Cannon,42,Engineering,Director,3.6,178595,5,1,16,65,12,40,1
EMP0046,John Pierce,48,Marketing,VP,11.5,198784,3,2,12,57,62,69,1
EMP0047,Shane Henderson,45,Marketing,VP,8.2,248546,3,3,8,42,15,54,0
EMP0048,Joshua Blair,56,IT,Specialist,3.3,73837,3,1,26,41,18,59,0
EMP0049,Eric Carney,41,Sales,VP,2.3,288479,4,1,27,35,18,66,0
EMP0050,Jessica Holmes,50,HR,Specialist,14.5,78710,1,5,20,56,13,49,1
EMP0051,Danny Morgan,58,HR,Associate,14.9,42578,5,4,14,64,113,68,0
EMP0052,Crystal Robinson,49,HR,VP,9.5,225692,3,1,5,42,22,100,1
EMP0053,Mark Perez,22,Marketing,Director,10.5,154802,4,1,21,42,118,63,0
EMP0054,Shannon Jones,59,Operations,Specialist,6.7,63535,1,2,25,44,76,66,1
EMP0055,Michael Lewis,51,Operations,Manager,10.6,121705,5,1,28,48,82,62,1
EMP0056,Timothy Duncan,36,Operations,VP,9.0,203143,4,5,20,49,35,53,0
EMP0057,Richard Aguirre,49,Operations,Director,14.6,158556,2,3,13,57,126,66,0
EMP0058,Brent Jordan,47,IT,VP,1.0,216816,5,1,21,62,8,89,1
EMP0059,John Daniel,34,Finance,Manager,9.5,117304,3,5,4,64,36,86,0
EMP0060,Victoria Garcia,53,Sales,Associate,14.6,55175,5,4,2,42,29,89,0
EMP0061,Gerald Hensley,31,Marketing,Manager,7.9,124104,5,2,12,41,76,95,0
EMP0062,Connor West,30,IT,Associate,4.5,53230,3,5,18,56,31,49,1
EMP0063,Donald Wright,52,HR,Manager,8.5,118753,5,4,7,62,99,82,1
EMP0064,Jessica Callahan,52,Operations,Director,6.1,152942,3,1,27,62,56,42,1
EMP0065,Amber Kidd,51,Sales,Specialist,6.4,63963,1,3,27,56,68,78,0
EMP0066,Tracy House,53,IT,VP,1.0,294360,4,1,24,55,11,42,1
EMP0067,Carol Tucker,41,Sales,Associate,5.2,39223,2,5,13,53,43,53,1
EMP0068,James Brown,27,Finance,Director,9.5,151934,3,4,8,56,1,89,0
EMP0069,William Baker,56,Engineering,Associate,6.9,50420,4,3,6,47,61,43,1
EMP0070,Jordan Henderson,58,HR,VP,4.8,205333,1,5,23,50,53,66,0
EMP0071,Whitney Peters,36,Finance,Manager,3.7,103665,1,1,9,60,28,34,1
EMP0072,Brittney Phillips,30,Sales,Manager,5.2,104153,5,5,29,43,53,51,1
EMP0073,Lauren Daniels,52,IT,Manager,11.3,119388,4,5,11,37,101,31,1
EMP0074,Amy Silva,29,Marketing,Manager,10.3,111745,2,4,0,54,113,71,0
EMP0075,Sarah Moore,36,Operations,Associate,9.7,52124,2,1,30,36,38,93,1
EMP0076,Angela Lopez,37,Finance,Specialist,6.1,79501,4,1,26,50,52,65,1
EMP0077,Megan Young,45,Engineering,Director,6.9,188856,3,1,12,43,24,45,0
EMP0078,Steve Sanchez,51,Sales,Specialist,9.8,57762,5,2,2,61,97,100,1
EMP0079,Lisa Barnes,35,IT,Specialist,5.3,76658,5,3,25,40,14,33,1
EMP0080,Kelly Donovan,44,IT,Specialist,9.0,67606,5,1,23,37,60,87,0
EMP0081,Mike Allen,54,Finance,Associate,7.1,50802,3,4,20,65,3,37,0
EMP0082,Michael Evans,47,Marketing,Associate,7.6,51964,1,2,8,54,81,100,0
EMP0083,Paul Jones,46,Finance,VP,4.8,288857,5,2,13,49,56,59,1
EMP0084,Zachary Ferrell,51,Marketing,Director,11.1,184720,2,4,2,37,21,41,0
EMP0085,Daniel Baker,45,IT,Specialist,8.6,75404,4,3,27,56,96,84,0
EMP0086,Shirley Suarez,25,HR,VP,5.0,223180,2,1,11,62,35,77,1
EMP0087,Christopher Bass,39,Finance,Specialist,12.2,79753,1,2,8,57,79,73,1
EMP0088,Lisa Archer,33,IT,Specialist,8.7,57782,1,5,6,47,53,88,0
EMP0089,Aimee Montoya,45,HR,Manager,11.8,93146,5,1,21,37,69,86,0
EMP0090,Matthew Mcmillan,53,Finance,Director,6.5,149502,1,3,21,56,75,92,1
EMP0091,Brian Rodriguez,41,Sales,Specialist,6.2,60255,2,3,9,45,15,30,0
EMP0092,Denise Jacobs,49,Engineering,Specialist,6.0,72572,4,1,13,35,58,39,1
EMP0093,Christina Walters,58,Marketing,VP,6.4,203054,2,5,14,61,46,41,1
EMP0094,John Whitehead,28,Engineering,Director,9.0,160896,2,3,24,40,9,95,0
EMP0095,Anna Henderson,55,Finance,Specialist,13.6,68903,3,2,5,54,39,39,1
EMP0096,Aaron Wise,53,Marketing,VP,11.5,283564,3,2,14,37,120,86,0
EMP0097,Deborah Figueroa,39,Finance,Associate,5.6,38363,3,3,2,55,11,94,0
EMP0098,Jessica Smith,59,Finance,Associate,7.0,61524,5,2,30,36,57,43,0
EMP0099,Stephen Mckee,43,Operations,Associate,7.8,47853,5,5,19,40,46,77,0
EMP0100,Sandra Aguilar,46,Marketing,Manager,10.3,108479,5,4,9,43,92,49,1
EMP0101,Cameron Parker,59,Operations,Specialist,13.8,77885,3,5,12,55,84,46,0
EMP0102,Rebecca Valencia,55,Sales,Director,7.9,152411,4,2,7,39,19,39,1
EMP0103,Christine Wright,28,Finance,VP,12.6,221961,4,2,5,40,42,86,1
EMP0104,Richard Henson,45,Operations,Specialist,14.6,83572,3,4,28,61,49,77,0
EMP0105,Marc Moore,58,Marketing,Director,11.7,165708,5,2,27,43,13,91,0
EMP0106,Sharon Cherry,57,Sales,VP,12.8,262303,2,4,2,65,56,87,0
EMP0107,Sierra Johnson,23,Marketing,Associate,6.2,50931,1,3,29,38,42,48,1
EMP0108,Evelyn Galvan,40,IT,Director,10.6,164485,1,1,8,41,38,100,0
EMP0109,Sharon Cochran,60,Finance,Director,2.1,146891,4,5,14,37,3,93,0
EMP0110,Richard Rodriguez,23,Operations,VP,8.8,281364,2,5,13,40,85,40,1
EMP0111,Shannon Walker,45,Sales,VP,8.4,257334,4,3,8,58,2,75,0
EMP0112,Julia Torres,44,Engineering,Associate,11.7,51441,2,4,22,50,46,47,1
EMP0113,Crystal Johnson,51,Sales,Manager,3.4,112206,5,4,8,36,12,66,0
EMP0114,Garrett Lin,25,IT,Manager,4.5,117549,3,2,15,57,31,77,0
EMP0115,Diana May,55,HR,Associate,11.0,42399,3,1,2,45,75,69,1
EMP0116,William Herrera,49,Engineering,Director,5.6,179792,1,1,21,55,51,76,0
EMP0117,Ashley Waller,32,Sales,Specialist,12.8,62141,3,4,30,53,8,49,0
EMP0118,Victor Baker,45,HR,Director,11.6,164198,3,2,30,38,6,53,0
EMP0119,Jeffrey Chandler,46,Finance,Associate,4.3,48207,4,2,3,39,4,87,1
EMP0120,Larry Dixon,50,Sales,Manager,10.2,123111,2,3,16,42,15,55,0
EMP0121,Kenneth Scott,37,IT,Director,0.9,167757,5,1,2,44,6,91,0
EMP0122,April Frost,48,IT,VP,1.6,264533,3,2,28,61,17,53,0
EMP0123,Michelle Harmon,30,Marketing,VP,13.7,237559,2,3,29,57,57,74,0
EMP0124,Helen Jones,55,HR,Associate,4.1,61789,1,5,20,40,37,49,1
EMP0125,Erin Edwards,60,HR,VP,1.1,274934,2,5,13,54,10,33,0
EMP0126,Michelle Evans,56,HR,Manager,7.5,115704,2,4,13,50,59,56,0
EMP0127,Jason Powell,31,HR,Manager,11.1,102006,5,1,10,42,119,45,1
EMP0128,Cameron Fisher,37,Engineering,Associate,1.2,52951,5,3,6,59,2,93,0
EMP0129,Megan Orr,51,Marketing,Manager,7.7,121648,5,3,1,36,36,93,0
EMP0130,Elizabeth Kelley,52,HR,VP,0.6,296347,4,3,1,47,0,54,0
EMP0131,Dustin Jordan,40,Sales,Director,7.8,149885,3,3,17,65,46,48,1
EMP0132,Mary Marshall,54,Marketing,VP,1.1,270556,2,5,28,51,2,71,0
EMP0133,Daniel Kennedy,42,Engineering,Director,14.9,176968,4,5,9,50,4,77,0
EMP0134,Rebecca Jackson,29,Marketing,VP,5.0,290406,5,2,23,36,37,91,1
EMP0135,Jose Schultz,46,Engineering,Specialist,1.0,68112,2,4,22,41,6,94,0
EMP0136,Robert Potter,52,IT,Associate,10.7,59833,5,4,10,65,44,88,0
EMP0137,Courtney Gonzalez,43,Finance,Manager,10.3,121302,5,3,7,65,38,66,0
EMP0138,David Alvarez,53,HR,Director,5.6,181482,4,4,26,46,18,67,1
EMP0139,Angel Perry,27,HR,Director,10.0,179504,3,2,3,54,94,60,1
EMP0140,Cheyenne Horton,55,Engineering,Specialist,1.3,68075,1,5,29,40,13,90,0
EMP0141,David Douglas Jr.,34,IT,Manager,5.2,123237,2,4,28,61,11,34,0
EMP0142,Patricia Rodriguez,47,IT,Director,3.2,164430,1,3,9,49,34,97,0
EMP0143,Christopher Rubio,30,IT,VP,7.3,298347,3,2,0,58,43,67,1
EMP0144,Amber Wright,34,Engineering,VP,12.9,212935,1,2,4,50,82,61,1
EMP0145,Joyce Solis,46,Engineering,Director,11.4,182561,3,3,22,42,15,45,0
EMP0146,Victoria Larson,32,Marketing,VP,13.9,239692,5,2,7,65,34,91,1
EMP0147,Stephanie Salazar,60,HR,Director,10.7,182576,5,1,16,49,92,39,0
EMP0148,Kathy Rivas,29,Sales,VP,13.6,221941,5,4,3,56,52,92,1
EMP0149,Stephanie Manning,54,Marketing,Associate,7.1,60973,4,3,23,35,50,62,0
EMP0150,David Wright,35,Finance,Associate,1.2,47419,4,1,9,48,2,47,0
EMP0151,Pamela Boyd,48,HR,Director,7.0,188578,2,3,3,40,68,80,0
EMP0152,Denise Jones,36,IT,Associate,11.5,50990,2,2,14,46,39,65,1
EMP0153,Devon Flores,29,Sales,Director,9.4,149140,1,4,19,56,90,36,1
EMP0154,Brenda Hall,24,Marketing,Director,3.9,148922,2,5,10,53,38,71,1
EMP0155,Michelle Brown,31,Operations,VP,3.7,275419,4,5,15,36,22,78,0
EMP0156,Joshua Perry,42,Operations,Director,6.4,192199,2,2,9,62,18,89,0
EMP0157,Jason Stein,57,Marketing,Director,8.6,157122,1,4,27,46,11,98,0
EMP0158,Melissa Gates,34,Sales,Manager,6.0,97217,5,2,15,41,42,68,0
EMP0159,Jamie Smith,22,Engineering,Specialist,14.5,89375,2,4,29,42,141,71,0
EMP0160,Paul Castaneda,46,Marketing,VP,9.9,267814,1,4,24,61,40,56,1
EMP0161,Jennifer Adkins,48,Sales,VP,13.0,281038,4,3,4,41,84,59,0
EMP0162,Lindsey Walker,37,Marketing,VP,10.0,287145,4,2,23,60,45,51,1
EMP0163,Jeffrey Johnson,56,Marketing,Specialist,13.8,77247,1,1,13,39,161,59,1
EMP0164,Michael Powell,31,Sales,Specialist,7.8,57237,1,5,17,48,1,32,0
EMP0165,John Anderson,39,Finance,Manager,0.7,94452,2,2,19,51,4,75,0
EMP0166,Alyssa Long,47,Sales,Manager,14.4,105852,1,1,2,47,97,78,0
EMP0167,Alyssa Day,25,Operations,Associate,10.7,46979,1,5,29,36,58,57,0
EMP0168,Joel Williams,58,Marketing,Manager,1.2,103913,2,3,0,65,3,48,0
EMP0169,Daniel Murphy,47,Sales,Manager,2.9,115938,4,2,25,57,5,94,0
EMP0170,Jamie Walton,44,Sales,Associate,6.8,43989,3,1,20,43,57,92,1
EMP0171,Darlene Miller,57,Marketing,Director,3.2,145455,2,1,2,43,9,78,0
EMP0172,Joshua Cooke,31,Operations,Director,5.1,161098,3,1,4,37,11,85,0
EMP0173,Matthew Harrington,57,Finance,Director,2.0,150897,3,4,0,44,13,79,0
EMP0174,Nicole Herring,57,Engineering,VP,8.1,238866,4,2,2,40,55,65,1
EMP0175,Alex Hernandez,52,IT,Associate,5.7,46283,4,1,4,44,0,80,0
EMP0176,Michael Elliott,46,IT,Manager,6.9,129207,5,2,15,45,22,80,0
EMP0177,Michael Wang,40,Operations,Director,14.5,159349,1,5,6,53,139,53,0
EMP0178,Lawrence Adkins,57,Sales,Director,14.2,187108,4,2,20,44,61,62,0
EMP0179,Robert Oconnell,49,IT,Director,1.6,169567,4,5,1,60,11,98,0
EMP0180,Alexander Collins,27,Sales,Specialist,10.0,66997,3,4,3,35,12,63,0
EMP0181,Tina Sanders,55,Finance,VP,10.5,265337,5,2,11,35,61,43,1
EMP0182,Angela Vaughn,27,Sales,Specialist,5.6,75626,4,1,14,58,57,70,1
EMP0183,Ashley Barton,24,IT,Associate,0.8,50237,5,2,17,40,5,84,0
EMP0184,Lindsay Martinez,36,IT,Director,9.6,164156,4,5,13,47,0,57,0
EMP0185,Dr. Hannah Patterson,26,Finance,Associate,12.1,60088,1,3,21,62,125,97,0
EMP0186,Jonathan Peterson,42,Finance,Director,9.4,160893,3,5,18,37,86,47,1
EMP0187,Samantha Garcia,37,HR,Associate,3.2,41890,5,4,13,40,31,98,0
EMP0188,Madison Poole,33,Finance,Specialist,7.6,62008,3,1,15,39,24,79,0
EMP0189,Jessica Gross,54,Operations,Director,6.4,168381,5,1,25,59,28,67,1
EMP0190,Debra Morton,36,Finance,Manager,2.9,119314,5,1,8,59,34,76,1
EMP0191,Karen Graham,24,IT,Director,8.4,161878,3,3,27,61,11,86,0
EMP0192,Debra Christian,29,IT,Specialist,3.5,84596,2,5,4,60,13,56,0
EMP0193,Angelica Keith,58,HR,VP,4.6,238096,5,3,30,62,32,42,1
EMP0194,John Bishop,48,Sales,Manager,13.1,98973,2,4,15,39,147,64,0
EMP0195,Allen Rosales,46,Marketing,Associate,9.7,44096,4,4,10,53,0,41,0
EMP0196,Daniel Salinas,51,Operations,Manager,12.8,107380,3,3,26,44,86,100,0
EMP0197,Spencer Haynes,58,IT,Director,11.9,176303,1,2,14,49,0,84,1
EMP0198,Adam Vaughan,30,Operations,Manager,2.8,114713,2,1,12,55,19,59,0
EMP0199,Nathan Freeman,27,Operations,Associate,0.5,59134,4,1,0,57,5,45,0
EMP0200,Melissa Brewer,49,Operations,Specialist,7.4,69242,3,3,28,44,17,78,0
EMP0201,Ricky Davis II,30,Operations,Specialist,1.5,62487,3,2,20,58,4,82,0
EMP0202,Elizabeth Perkins,50,IT,Specialist,1.8,65878,3,4,10,60,4,61,1
EMP0203,Joseph Coleman,27,Engineering,VP,9.2,237903,5,5,16,41,95,80,1
EMP0204,Erin Warner,25,IT,Specialist,7.7,64062,5,1,11,64,40,46,1
EMP0205,David Martinez,58,Marketing,Manager,8.4,125491,1,1,8,41,5,37,0
EMP0206,Bryan Herrera,47,Finance,Manager,9.6,114109,5,5,19,39,35,40,1
EMP0207,Cathy Robinson,54,Engineering,Specialist,8.3,81383,2,1,7,37,55,44,1
EMP0208,Dr. William Warren,60,Sales,Manager,10.2,86015,2,4,30,46,66,96,0
EMP0209,Brian Lee,38,Engineering,Manager,2.3,99770,3,5,2,43,22,39,0
EMP0210,Christopher Smith,54,HR,Associate,7.7,55260,5,1,7,58,65,30,1
EMP0211,Denise Mccann,22,Engineering,Associate,7.3,54419,2,3,7,48,40,64,0
EMP0212,Melissa Martinez,58,HR,Associate,7.8,43293,1,4,27,44,39,71,1
EMP0213,Katherine Salas,51,Sales,Manager,3.4,110591,4,2,23,63,34,61,1
EMP0214,Julie Alexander,48,Sales,Specialist,8.4,72141,3,1,6,51,30,83,0
EMP0215,Anthony Everett,25,Engineering,Manager,1.8,119581,1,5,3,51,4,80,1
EMP0216,Rodney Morales,58,Sales,Director,10.1,158542,3,3,14,43,29,39,0
EMP0217,Mark Brown,30,IT,VP,2.1,242820,1,5,11,65,24,56,0
EMP0218,Justin Torres,51,HR,Associate,1.8,50338,2,1,22,42,11,80,0
EMP0219,Bailey Duran DDS,41,HR,Specialist,1.0,73910,1,4,3,60,12,47,1
EMP0220,Courtney Mills,25,IT,Specialist,2.4,71437,1,1,2,41,28,86,0
EMP0221,Jeremy Dalton,27,IT,Manager,2.3,102480,4,1,12,56,13,52,1
EMP0222,Elizabeth Oliver DDS,33,HR,Manager,7.0,109280,4,5,15,36,11,65,0
EMP0223,Theresa Clark,48,Engineering,VP,4.1,249928,5,4,11,64,36,94,1
EMP0224,Matthew Moore,39,Engineering,Associate,5.1,50850,3,5,7,40,6,61,0
EMP0225,Benjamin Smith,39,Finance,Associate,11.6,45074,2,5,10,60,91,33,1
EMP0226,Kirk Carter,44,Finance,VP,2.6,226045,1,1,1,42,14,32,1
EMP0227,Michael Warner,22,HR,VP,3.4,203165,2,5,22,64,9,44,0
EMP0228,Michael Bradshaw,45,Sales,Manager,10.7,96906,2,2,23,65,111,92,1
EMP0229,Lori Guerrero,33,Operations,VP,10.6,249621,3,2,5,58,0,80,0
EMP0230,Jessica Stephens,58,Sales,Specialist,9.2,78263,3,1,7,46,40,51,0
EMP0231,Susan Serrano,27,IT,Manager,7.0,107095,3,1,23,35,6,79,0
EMP0232,Christopher Parker,48,Engineering,Director,7.6,167453,5,2,5,49,9,34,1
EMP0233,Laura Roberts,42,HR,Associate,1.6,49536,1,3,19,54,15,33,0
EMP0234,Michael Lyons,32,Finance,Director,2.8,156528,5,3,21,44,19,60,1
EMP0235,Kathryn Snyder,47,Finance,VP,12.7,252482,3,5,15,41,24,33,1
EMP0236,Andrew Reynolds,40,Sales,Director,12.7,171394,1,5,12,40,94,78,0
EMP0237,David Davis,50,Sales,Manager,6.9,105076,1,1,21,46,69,82,0
EMP0238,Sara Johnston,59,Engineering,VP,1.4,292834,5,2,15,44,2,80,0
EMP0239,Yvonne Chambers,24,Finance,VP,13.6,301603,2,2,6,60,49,46,1
EMP0240,Andrew Avila,27,Operations,Director,3.4,157052,1,4,17,47,35,71,0
EMP0241,Matthew Moon,55,Marketing,Associate,11.9,56704,2,5,18,53,25,43,1
EMP0242,Kevin Walters,28,IT,Manager,13.1,110265,5,5,15,36,44,65,0
EMP0243,Brandon Bailey MD,60,Operations,Director,1.1,146015,3,3,0,45,13,68,0
EMP0244,Shannon Rivera,53,IT,Associate,14.6,47726,3,4,19,55,22,54,0
EMP0245,Donna Landry,48,Operations,Director,11.5,150515,5,4,4,59,134,33,1
EMP0246,Krista Gibson,34,IT,Associate,4.1,54444,3,4,16,47,40,45,0
EMP0247,Frank Cordova,37,HR,Director,9.1,176772,2,3,23,61,88,41,1
EMP0248,Jose Travis,46,Sales,Specialist,12.9,66661,4,5,0,62,2,90,0
EMP0249,Kimberly Gutierrez,33,Finance,Associate,3.7,60647,4,3,6,49,19,96,0
EMP0250,Isaiah Avila,47,Finance,Associate,0.6,52152,1,4,2,45,4,71,0
EMP0251,Olivia Harris,38,Operations,Manager,3.2,93956,2,1,20,50,18,63,0
EMP0252,Tanya Kim,47,Marketing,Associate,9.0,57387,5,4,29,65,85,75,1
EMP0253,Barbara Dudley,32,IT,VP,3.1,238061,2,3,20,37,14,75,0
EMP0254,Cynthia Moore,41,Marketing,Manager,5.9,116272,5,5,30,54,9,90,0
EMP0255,Kristen Davis,54,Sales,Director,8.2,149616,4,5,28,64,58,48,1
EMP0256,Susan Murray MD,33,IT,Associate,7.6,45275,2,2,18,59,20,92,0
EMP0257,Kathleen Moran,27,Engineering,VP,6.8,245318,1,5,6,58,47,31,1
EMP0258,Denise Davenport,55,Engineering,Associate,10.3,44835,4,5,18,44,21,38,0
EMP0259,Mrs. Kristen Reyes,41,HR,Director,11.1,165612,3,4,11,59,48,51,0
EMP0260,Katie Suarez,47,Sales,Specialist,3.8,64688,1,3,22,55,2,78,0
EMP0261,Desiree Tyler,38,IT,VP,9.5,198377,1,4,14,47,15,100,0
EMP0262,Timothy Romero,31,Engineering,Associate,4.9,48230,2,4,26,63,6,95,0
EMP0263,Diane Evans,29,HR,Associate,11.9,59880,2,3,22,48,75,50,1
EMP0264,Yvonne Burns,53,Engineering,Director,5.3,150332,2,1,24,51,9,42,0
EMP0265,Joshua Reed,36,Marketing,Manager,4.3,102350,3,4,23,38,6,35,1
EMP0266,Kimberly Gibson,30,Operations,Specialist,5.3,81480,3,2,3,47,51,88,1
EMP0267,Colin Terry,46,Operations,Director,12.1,181584,2,1,13,64,123,86,1
EMP0268,Cynthia Rowe,46,IT,Manager,9.4,124209,1,1,8,55,40,31,1
EMP0269,Patrick Thornton,55,IT,VP,11.0,265124,4,2,15,46,98,49,1
EMP0270,Jasmin Alvarado,57,Finance,Associate,0.7,41368,4,3,7,45,4,36,1
EMP0271,Veronica Simpson,57,Operations,Director,6.3,171451,1,4,14,45,15,93,0
EMP0272,Jonathan Lawrence,23,Sales,Director,6.5,145946,5,5,6,55,58,73,0
EMP0273,Shelly Alexander,25,IT,Specialist,12.7,79307,4,1,3,59,56,30,1
EMP0274,Joyce Bowen,40,Finance,VP,5.9,220112,1,3,19,41,24,45,0
EMP0275,Matthew Moore,47,Engineering,Director,12.5,148852,1,5,3,59,115,88,0
EMP0276,Wayne Morgan,54,Engineering,Director,0.6,181674,2,5,5,58,2,43,1
EMP0277,Marie Christian,60,Finance,Manager,7.8,128978,3,4,30,45,37,87,0
EMP0278,Shannon James,30,Marketing,VP,10.7,297375,2,2,6,54,74,74,0
EMP0279,Nathan Malone,30,Operations,Specialist,7.8,87488,4,5,18,65,85,83,0
EMP0280,Amanda Jones,56,HR,Director,12.2,160829,1,2,8,59,41,66,1
EMP0281,Tammie Bright,31,IT,Associate,10.5,52086,1,5,27,56,94,58,0
EMP0282,Jessica Garcia,57,Marketing,Specialist,7.9,84531,3,5,1,35,32,55,0
EMP0283,Shelia Wallace,50,IT,Specialist,13.7,89628,2,2,9,49,45,39,1
EMP0284,Stephanie Williams,33,Operations,VP,2.2,231765,2,5,27,43,0,72,0
EMP0285,Elaine Brooks,31,Sales,Specialist,14.0,65679,3,1,25,57,81,97,1
EMP0286,Joseph Knight,33,Finance,Associate,11.9,41728,3,2,28,41,84,72,1
EMP0287,Carolyn Miller,35,IT,VP,8.2,288347,4,2,28,55,78,61,0
EMP0288,Lisa Allen,42,Marketing,Associate,6.1,58845,5,5,14,50,5,67,0
EMP0289,Briana Murray,34,HR,VP,1.7,197032,2,2,27,56,13,43,1
EMP0290,David Smith,49,Operations,Associate,11.3,40658,1,1,1,40,64,39,1
EMP0291,Stephanie Byrd,36,HR,Director,6.1,138044,5,1,20,58,8,35,1
EMP0292,Jeremy Reed,26,HR,VP,2.0,258616,4,1,15,40,17,58,1
EMP0293,Margaret Coleman,47,IT,VP,4.8,276645,2,1,1,35,36,80,0
EMP0294,Ryan Gonzalez,27,HR,Specialist,11.4,64271,2,2,7,54,64,54,1
EMP0295,John Young,58,IT,Associate,12.8,54087,3,1,6,58,148,92,0
EMP0296,Laura Haney,44,Engineering,Specialist,2.0,66719,5,3,22,53,4,76,0
EMP0297,William Barrett,49,Engineering,Associate,5.0,44458,3,4,14,49,22,69,0
EMP0298,Keith Jennings,28,Engineering,VP,1.7,230754,1,1,27,51,20,33,0
EMP0299,Amber Obrien,59,Marketing,VP,3.6,273470,2,3,12,42,37,67,1
EMP0300,Tanner Mitchell DDS,54,Finance,Associate,6.3,54172,5,2,14,40,22,48,1
EMP0301,Heather Fields,52,HR,Associate,3.7,54813,1,2,16,64,23,79,1
EMP0302,Megan Le,51,Sales,Associate,14.7,49933,5,5,18,40,96,78,0
EMP0303,Sara Fuller,26,Finance,Manager,6.0,119573,4,5,0,51,17,86,0
EMP0304,Maria Parker,26,Finance,Manager,3.6,110676,2,4,25,45,7,91,0
EMP0305,Kevin Oconnor,52,Engineering,VP,2.8,221158,5,2,4,55,32,35,0
EMP0306,Edward Burgess,31,Sales,Specialist,4.2,72234,3,1,6,49,38,90,0
EMP0307,Carlos Ryan,32,Engineering,Director,9.2,157949,4,5,18,37,29,78,0
EMP0308,Kiara Mcintyre,28,Sales,Specialist,8.1,79002,2,4,28,54,76,34,0
EMP0309,Dawn Summers,56,Finance,Associate,1.9,46339,5,4,11,62,1,97,0
EMP0310,Dr. Paul Morgan,52,IT,Director,5.6,151591,2,1,9,54,52,62,1
EMP0311,Victor Taylor,22,Finance,VP,2.2,243103,3,1,4,48,20,62,0
EMP0312,Shannon Ramsey,56,Marketing,VP,5.8,228468,5,5,15,40,47,91,1
EMP0313,Tracy Ballard,41,Finance,Manager,11.7,97812,4,2,3,41,130,81,0
EMP0314,Richard Smith,57,Finance,Associate,2.8,42306,1,1,8,42,23,40,0
EMP0315,Jordan Chambers,46,Marketing,VP,10.0,226072,4,1,6,62,84,96,1
EMP0316,Lauren Carson,24,IT,VP,7.9,205619,2,1,5,37,35,81,1
EMP0317,Ashley Hall,47,Marketing,VP,3.4,271697,5,5,11,46,17,58,0
EMP0318,Stephen Hoffman,34,Marketing,Director,8.8,177328,1,5,9,45,14,95,0
EMP0319,Connie Brown,56,IT,VP,4.1,232451,4,4,28,53,1,91,0
EMP0320,Susan Turner,26,Marketing,Specialist,10.3,74121,1,3,7,44,11,81,0
EMP0321,Charles Shah,43,Sales,VP,14.0,274605,2,2,15,58,51,60,1
EMP0322,Johnathan Davis,38,Engineering,Specialist,3.4,77234,1,4,19,35,34,35,0
EMP0323,Brandy Chavez,45,Finance,Manager,7.6,121756,4,2,24,53,16,36,1
EMP0324,Natalie Bautista,49,Marketing,VP,1.0,219266,4,3,22,35,0,56,0
EMP0325,Patrick Moore,28,HR,Manager,9.4,125363,4,5,10,46,23,93,0
EMP0326,Brett Burns,48,Operations,Manager,5.8,116686,5,2,26,38,34,60,1
EMP0327,Trevor Johnson,46,Engineering,Specialist,12.1,78683,2,5,17,58,80,92,1
EMP0328,Jeremy Sampson,57,IT,VP,1.2,227407,4,1,14,58,5,63,1
EMP0329,Ariana Jennings,57,Finance,Manager,5.5,111268,5,5,20,55,22,66,0
EMP0330,Vanessa Howard,54,Marketing,Director,13.4,167765,2,3,13,55,156,81,0
EMP0331,Colton Martinez,26,Sales,Specialist,5.5,75301,4,3,28,49,46,96,0
EMP0332,Jordan Bates,48,Engineering,Specialist,12.9,80158,2,2,12,38,24,38,0
EMP0333,Linda Smith,52,Finance,Associate,0.9,50553,1,4,9,42,3,66,0
EMP0334,Dana Martinez,30,Engineering,VP,12.7,265064,5,3,17,49,34,99,1
EMP0335,Andrea Hubbard,60,Marketing,VP,6.8,269456,1,4,9,46,52,63,1
EMP0336,Daniel Kane,22,Sales,VP,12.3,265272,4,4,9,35,110,67,0
EMP0337,Charles Lester,22,Finance,Manager,3.2,117255,4,2,8,37,27,60,0
EMP0338,Scott Thomas,39,HR,VP,12.2,217651,1,4,19,49,69,92,1
EMP0339,David Thompson,23,Engineering,Associate,14.6,37773,4,1,7,37,38,31,1
EMP0340,Allison Smith,43,Marketing,Manager,11.9,120798,1,2,1,43,100,39,1
EMP0341,Cynthia Morris,33,Engineering,Manager,12.4,105364,1,2,14,58,24,96,0
EMP0342,Anthony Harmon,35,Marketing,Director,10.4,176923,5,5,3,43,61,68,1
EMP0343,Nichole Alvarez,25,IT,Specialist,14.6,78481,3,5,3,47,62,31,0
EMP0344,Kayla Rodriguez,59,IT,Director,10.5,159490,1,5,10,64,124,37,1
EMP0345,Theresa Williams,31,Operations,VP,12.0,273874,4,2,0,57,96,75,1
EMP0346,Sharon Boyd,38,Sales,Director,10.7,183790,5,2,17,46,82,89,1
EMP0347,Victor Brown,60,IT,VP,2.8,238390,3,4,0,59,32,78,0
EMP0348,James Parks,23,Finance,Manager,11.8,95499,2,5,21,50,141,49,0
EMP0349,Theodore Jones Jr.,42,Marketing,Manager,2.1,92295,1,2,3,50,6,42,1
EMP0350,Ana Hill,46,Operations,Director,8.1,168936,1,1,29,64,26,92,0
EMP0351,Kimberly Nguyen,27,Marketing,Associate,5.7,57296,1,1,26,44,9,57,0
EMP0352,Kerry Chavez DDS,28,Sales,Specialist,8.2,70667,2,5,23,52,53,43,0
EMP0353,Michael Farrell,58,HR,Director,10.7,153401,5,3,21,40,113,75,0
EMP0354,Patricia Le,57,HR,Manager,6.5,115423,5,2,12,59,70,62,1
EMP0355,Jesse Perez,50,Marketing,Director,0.5,138281,3,1,9,42,3,70,1
EMP0356,Jesse Perry,39,Finance,VP,8.6,261168,2,2,8,46,74,61,1
EMP0357,Jeffery Ortega,41,Sales,VP,6.3,245463,2,4,26,63,73,42,1
EMP0358,Christian Leblanc,41,Sales,VP,6.0,251568,2,5,29,35,48,36,1
EMP0359,Ronald Davis,24,HR,VP,8.7,208057,4,5,18,51,11,58,0
EMP0360,Parker Cain,47,Engineering,Specialist,5.4,78025,1,4,16,48,16,47,0
EMP0361,Laurie Hoffman,34,Marketing,Director,10.0,152310,3,4,10,56,118,41,1
EMP0362,Bryan Gomez,48,Marketing,Manager,5.6,128914,2,3,19,61,56,48,1
EMP0363,Nicole Parrish,36,Engineering,Manager,2.8,90993,3,1,10,57,7,69,1
EMP0364,Tracy Burke,23,HR,Specialist,11.2,65915,5,4,19,58,36,32,1
EMP0365,Kenneth Lewis,55,Sales,Manager,3.0,102914,1,4,21,43,23,43,1
EMP0366,Courtney Rodriguez,46,Engineering,Director,7.9,175573,2,2,16,65,58,32,1
EMP0367,Holly Farmer,55,HR,Manager,7.6,113548,3,2,16,43,7,62,0
EMP0368,Renee Bruce,23,Finance,Manager,3.8,100257,5,5,27,55,43,59,0
EMP0369,Sabrina Austin,58,Engineering,Director,14.6,173922,2,5,17,56,51,47,1
EMP0370,Allison Hickman,55,Engineering,Director,14.9,146468,5,5,30,58,30,53,1
EMP0371,Debra White,31,Operations,Associate,11.6,53052,2,2,3,39,47,33,0
EMP0372,Ellen Morgan,39,Finance,VP,9.4,204304,1,4,4,51,108,90,0
EMP0373,Sergio Knight,45,Engineering,Director,7.6,156523,1,3,30,48,28,55,0
EMP0374,Charles Schultz,26,Engineering,Director,13.1,171990,4,1,19,58,97,70,1
EMP0375,Paul Lewis,58,Finance,VP,8.1,255580,2,5,17,47,94,35,1
EMP0376,Glen Wood,55,IT,Associate,3.3,52130,4,3,19,64,3,96,0
EMP0377,Paula Bradley,51,IT,Director,1.8,182319,2,4,13,45,14,33,1
EMP0378,Anthony Moore,59,Operations,Specialist,13.3,65880,1,1,3,57,115,76,1
EMP0379,Megan Nelson,46,Operations,VP,9.4,203553,3,5,27,56,110,49,1
EMP0380,Karla Ramos,31,Engineering,Associate,6.6,48102,1,2,30,41,0,62,1
EMP0381,Paul Wilson,53,IT,Director,8.4,160236,4,4,13,49,10,30,1
EMP0382,Douglas Gregory,57,HR,VP,9.6,207935,1,2,27,36,85,68,1
EMP0383,Mr. Andrew Foster,27,Sales,Associate,6.5,50587,5,5,5,65,58,76,0
EMP0384,Aimee Turner,27,IT,Manager,5.2,117802,4,2,3,57,55,65,1
EMP0385,Chad Scott,48,Finance,Specialist,10.6,67247,1,4,23,57,73,84,0
EMP0386,Adam Burgess,42,HR,VP,8.8,271272,4,2,28,54,29,67,0
EMP0387,James Padilla,22,Sales,Associate,7.2,45647,1,3,11,52,81,57,1
EMP0388,Sandra Drake,34,Operations,Manager,4.2,109986,1,1,21,45,21,80,0
EMP0389,Scott Williams,23,IT,Specialist,3.3,79259,4,2,20,49,34,72,1
EMP0390,Thomas Atkins,48,Operations,Associate,12.6,45114,2,5,21,45,90,38,0
EMP0391,Laura Mckinney,39,IT,Associate,5.4,57218,4,2,19,38,39,70,0
EMP0392,Brian Smith,39,Marketing,Associate,7.7,51390,3,2,3,46,4,55,0
EMP0393,Robert Montgomery,50,Finance,Associate,12.1,59964,3,3,4,59,25,96,0
EMP0394,Tamara Davis,30,Engineering,Associate,7.2,61852,1,3,14,63,5,43,1
EMP0395,Dana Chapman,41,Sales,VP,11.5,237092,5,3,24,49,30,64,1
EMP0396,Jennifer Collins,39,Sales,Associate,14.4,59076,5,3,8,39,72,61,1
EMP0397,Gary Jackson,41,Finance,Manager,8.3,87726,1,4,1,37,54,80,1
EMP0398,Ashley Hicks,60,Finance,Director,9.4,190460,1,4,18,39,11,89,1
EMP0399,Hannah Luna,41,Operations,Director,7.3,161823,3,3,14,50,3,38,0
EMP0400,Robin Young,44,Marketing,Director,12.8,180984,1,4,26,57,27,71,1
EMP0401,Craig Morrison,26,IT,Manager,8.2,116087,5,2,15,47,8,73,1
EMP0402,Mary Thompson,59,Marketing,Director,8.7,147619,5,4,3,53,76,89,1
EMP0403,Kathleen Webster,28,IT,Director,3.1,151897,4,3,15,55,3,41,1
EMP0404,Joann Glass,30,Finance,Associate,11.5,49357,4,2,6,56,81,68,1
EMP0405,Madison Weber,41,Marketing,Manager,14.9,123270,1,3,28,52,13,30,0
EMP0406,Lori Hernandez,44,Sales,Manager,13.1,128888,4,4,12,48,139,57,0
EMP0407,Jeremy Turner,52,Engineering,Specialist,8.6,70727,2,1,2,55,2,48,0
EMP0408,Anthony Romero,53,Operations,Director,14.6,184561,5,4,19,40,116,95,0
EMP0409,Jesse Brown,50,Marketing,Manager,3.8,89364,5,3,13,64,34,76,1
EMP0410,Angela Lin,24,Finance,Director,10.7,182579,5,3,14,51,20,96,0
EMP0411,Lisa Hunter,27,Engineering,Director,9.6,173850,3,5,24,35,60,88,0
EMP0412,Julian Conner,52,Finance,Manager,6.6,105768,3,5,8,36,60,51,0
EMP0413,Joanna Pacheco,40,IT,VP,0.9,209626,3,2,19,43,4,62,1
EMP0414,Erica Alvarez,29,Finance,Specialist,13.7,80879,2,4,5,60,135,34,1
EMP0415,Antonio Garcia,27,Engineering,VP,14.0,233399,2,2,18,58,88,36,1
EMP0416,Gwendolyn Klein,29,Sales,Specialist,7.2,73599,2,4,21,57,49,90,1
EMP0417,Carrie Wright,55,IT,Director,0.7,170422,1,5,20,46,6,64,0
EMP0418,Jeffrey Mills,39,IT,Associate,4.2,58103,5,2,16,45,43,53,1
EMP0419,Jake Campbell,22,Operations,Associate,12.6,42697,3,2,23,44,64,54,1
EMP0420,George Harper,27,Sales,VP,10.0,212140,5,2,12,56,97,53,1
EMP0421,Maria Jones,33,HR,Manager,7.3,120014,3,2,24,37,35,37,1
EMP0422,Michael Mitchell,43,Sales,Manager,14.4,117160,5,4,5,55,125,43,1
EMP0423,Mary Escobar,49,Engineering,VP,9.8,200763,1,5,23,43,99,87,1
EMP0424,Felicia Aguilar,53,Engineering,Associate,14.0,54206,5,1,16,57,125,91,1
EMP0425,Gregory Ponce,26,Finance,Specialist,0.5,64434,3,4,1,55,10,41,1
EMP0426,Jenna Larson,43,Sales,Director,11.5,147218,4,2,9,57,99,43,1
EMP0427,Emily Bennett,44,Marketing,Associate,13.3,52514,1,5,7,50,99,38,0
EMP0428,Robin Santiago,41,Marketing,VP,14.5,207880,1,4,3,41,167,96,0
EMP0429,Nancy Jennings,56,Engineering,VP,3.9,281011,4,5,1,42,44,46,1
EMP0430,Maria Henderson,25,HR,Associate,7.1,48738,5,5,7,37,25,84,0
EMP0431,Jack White,47,HR,Associate,14.6,54619,5,2,10,37,30,65,1
EMP0432,Travis Tucker,48,Engineering,Manager,8.5,124778,5,4,24,40,2,92,1
EMP0433,Chad Jones,22,Engineering,Associate,10.7,56534,2,2,20,43,115,82,1
EMP0434,Ashley Wise,33,Finance,Associate,9.1,57079,4,1,17,42,24,45,0
EMP0435,Sophia Johnson,28,Finance,Manager,13.0,102779,3,1,6,38,38,90,0
EMP0436,Ralph Anderson,32,Operations,Associate,1.3,52410,5,4,1,38,1,98,0
EMP0437,Christopher Guerra,23,Marketing,VP,2.2,276330,4,2,23,56,10,59,0
EMP0438,Rhonda Martin,42,Engineering,Associate,3.9,56235,5,4,1,63,27,48,1
EMP0439,Jason Rhodes,51,Engineering,Director,5.9,180838,2,3,4,36,7,65,0
EMP0440,Jeremy Mitchell,51,Marketing,Director,3.0,177343,5,5,27,42,5,82,0
EMP0441,Joann Ferguson,53,IT,Specialist,9.1,68188,2,3,13,53,28,49,0
EMP0442,Robert Harrison,22,Marketing,Associate,1.1,59123,4,4,25,60,11,42,1
EMP0443,Holly Valentine,37,Sales,VP,11.4,237685,1,1,15,56,78,50,1
EMP0444,Mrs. Diane Reyes,58,Operations,VP,0.9,251161,3,4,22,55,0,39,1
EMP0445,Tracy Montoya,43,Finance,Associate,4.8,45166,5,3,23,64,3,95,0
EMP0446,Brenda Wright,45,Sales,Associate,6.1,53119,5,1,17,57,26,47,0
EMP0447,Shelly Spencer,37,Finance,Associate,9.9,57702,3,3,28,43,64,84,1
EMP0448,Ryan Rosales,26,HR,Manager,7.1,101755,5,3,14,54,47,38,1
EMP0449,Phillip Nelson,51,Sales,Associate,6.2,45380,1,2,15,39,26,96,0
EMP0450,Brittany Kim,23,HR,Director,14.6,164993,1,3,6,37,5,59,0
EMP0451,Courtney Hayes,55,Operations,Manager,6.5,115070,5,4,14,44,72,46,0
EMP0452,Alexander Brown,41,Engineering,Manager,3.8,92760,4,2,19,64,10,98,1
EMP0453,Cynthia Vang,33,IT,Specialist,2.8,63571,3,3,5,41,2,70,0
EMP0454,Alfred Galvan,31,HR,Director,8.3,149589,4,2,30,49,40,49,1
EMP0455,Marie Moody,56,Finance,Manager,9.9,106403,5,4,10,57,14,91,0
EMP0456,Dustin Gallegos,30,Operations,VP,2.2,243359,3,1,19,55,6,97,1
EMP0457,Brenda Thornton,39,Engineering,Associate,1.7,52781,4,3,19,54,16,37,0
EMP0458,Aaron Miller,45,Marketing,Specialist,10.9,71775,3,3,9,49,22,57,0
EMP0459,Ruben Dunn,50,Operations,Director,12.2,185035,5,5,2,39,53,68,1
EMP0460,Kelsey Rodriguez,55,HR,Associate,14.0,61063,3,4,5,52,118,47,1
EMP0461,Eric Williams,46,HR,VP,7.6,275899,2,1,25,35,19,63,0
EMP0462,Riley Bryant,52,Sales,Manager,6.5,105580,4,1,19,58,46,91,1
EMP0463,Taylor Carlson,38,Operations,Director,14.6,183322,3,2,18,36,37,70,0
EMP0464,Jose Allen,30,HR,Specialist,1.3,73524,5,1,16,41,5,42,0
EMP0465,Jeffrey Mendez,32,Finance,Manager,13.2,118261,3,2,0,39,132,66,1
EMP0466,Jason Beck,53,Marketing,Manager,13.9,102900,2,5,19,57,134,98,0
EMP0467,William Jones,29,Marketing,Director,13.8,171529,3,2,26,49,152,96,0
EMP0468,Katie Mcneil,43,Engineering,Manager,0.9,97147,3,2,6,39,1,84,0
EMP0469,Jeanette Harrison,29,Sales,Associate,11.7,57543,5,1,15,38,64,35,1
EMP0470,Veronica King,22,IT,Associate,11.8,60478,1,1,4,62,71,74,1
EMP0471,Richard Cooper,54,IT,VP,4.0,205496,2,2,30,44,10,98,1
EMP0472,Lori Ingram,28,Engineering,VP,12.8,254385,2,3,12,48,54,95,1
EMP0473,Evelyn Williams,29,IT,Manager,2.3,99825,3,5,23,36,2,71,0
EMP0474,Robin Thompson,46,HR,Director,9.2,156474,3,4,6,62,8,90,0
EMP0475,Julie Dominguez,45,Engineering,Associate,15.0,59673,1,1,4,47,102,43,1
EMP0476,Robin Brown,32,Sales,Manager,14.6,127806,4,4,8,59,148,64,0
EMP0477,Judith Carter,47,HR,Director,10.2,160725,1,1,8,50,63,59,0
EMP0478,Curtis Williams,30,Sales,Associate,11.2,47140,3,2,9,54,24,39,0
EMP0479,Kaylee Hays,55,IT,Director,12.0,171416,5,3,25,62,138,99,1
EMP0480,Dawn Mullins,24,Marketing,Associate,6.1,45845,2,5,21,62,38,51,1
EMP0481,Howard Norman,30,HR,Director,7.6,187095,5,4,15,52,20,94,1
EMP0482,Evelyn Martinez,38,Marketing,VP,14.6,208363,1,2,26,46,89,33,0
EMP0483,Steve Paul,43,Marketing,Associate,6.7,50711,2,2,20,44,75,40,0
EMP0484,Jasmine Beltran,26,IT,Manager,2.2,127836,4,5,16,63,13,64,1
EMP0485,Jonathan Glass MD,52,Finance,Associate,14.8,48978,4,1,22,56,52,73,1
EMP0486,Monica Miller,43,Engineering,VP,4.8,213651,2,3,8,36,19,81,0
EMP0487,Samantha Gardner,27,Operations,VP,1.9,272393,4,2,11,60,2,68,1
EMP0488,Bobby Guerrero,41,Marketing,VP,5.0,269975,5,2,28,35,40,96,0
EMP0489,Lance Simmons,58,Marketing,Specialist,10.1,73054,1,5,6,46,59,48,1
EMP0490,Heather Williams,41,IT,Director,6.4,166731,2,3,21,54,30,81,1
EMP0491,Heather Bolton,31,Engineering,Associate,4.1,52089,1,2,5,43,8,33,1
EMP0492,William Gould,39,Operations,VP,3.1,203626,3,5,9,62,4,82,0
EMP0493,Mark Cox,27,Marketing,Specialist,3.9,88576,5,3,15,63,5,60,0
EMP0494,Meghan Cisneros,42,HR,VP,11.2,211869,2,3,14,48,65,37,1
EMP0495,Lawrence Harrington,45,Operations,Associate,5.1,54833,4,3,26,44,1,34,0
EMP0496,Austin Osborne,25,Operations,Specialist,4.2,73897,2,4,12,35,25,62,0
EMP0497,James Bradley,37,HR,Specialist,13.0,69935,3,1,26,59,125,90,1
EMP0498,Meghan Rush,43,Operations,Director,13.2,173947,4,5,23,61,140,71,1
EMP0499,Phillip Berry,23,IT,Associate,9.8,41070,4,2,20,44,40,40,1
EMP0500,Jennifer Banks,37,Finance,Specialist,12.8,67653,3,2,21,53,83,66,1
EMP0501,Brian Fitzgerald,48,HR,Specialist,6.2,82840,5,2,29,37,59,55,1
EMP0502,Mr. Justin Green III,32,Sales,Director,9.5,143623,5,1,0,57,67,85,1
EMP0503,Zachary Mitchell,51,IT,Director,2.2,161967,4,2,13,62,6,57,0
EMP0504,Katherine Martinez,40,Operations,Specialist,6.6,63640,5,4,29,42,47,88,1
EMP0505,Jodi Roach,52,Engineering,Manager,14.6,105842,5,3,2,38,142,37,1
EMP0506,Brandon Fleming,37,Marketing,Manager,15.0,96248,5,4,9,47,171,77,1
EMP0507,Emma Reed,57,Sales,VP,3.1,258513,1,3,22,51,27,48,1
EMP0508,Joshua Vance,42,Sales,Specialist,7.7,83816,5,3,16,45,55,51,0
EMP0509,Michelle Ho,53,IT,Specialist,8.6,60509,2,1,15,43,20,89,0
EMP0510,Rebecca Hicks,53,Sales,Director,5.7,169733,1,3,2,41,36,53,0
EMP0511,Curtis Taylor,54,IT,Manager,8.7,132594,2,4,29,37,31,93,0
EMP0512,Allison Spencer,43,Sales,Manager,10.4,114781,2,1,2,49,106,91,0
EMP0513,Robert Arnold,39,Finance,Associate,5.3,45761,2,2,27,36,36,71,0
EMP0514,Angelica Parker,26,Finance,VP,6.0,248747,1,2,5,47,51,66,0
EMP0515,Dr. Kelly Hammond DVM,31,Sales,Manager,7.6,107473,3,1,26,46,65,55,0
EMP0516,William Day,46,Marketing,Manager,8.7,115744,4,4,2,36,65,73,0
EMP0517,Michael Cooper,36,Operations,Specialist,14.0,83300,4,1,29,60,122,68,1
EMP0518,Penny Bowman,30,Operations,Manager,12.7,113391,1,1,16,38,130,84,1
EMP0519,Vincent Reynolds,51,Operations,VP,12.3,261253,1,4,5,60,46,80,1
EMP0520,Amy Martinez,48,Operations,Manager,5.1,120079,2,2,5,37,47,63,0
EMP0521,Christopher Morris,28,Marketing,VP,0.8,288774,4,4,27,56,11,92,1
EMP0522,Hannah Everett,45,Operations,Director,12.2,137742,1,2,27,35,53,91,0
EMP0523,Sarah King,37,Marketing,VP,3.3,250653,1,2,28,39,28,92,0
EMP0524,Krista Martinez,50,Finance,Specialist,3.4,69518,4,4,27,50,37,100,0
EMP0525,Joseph Shaw,24,Marketing,Director,7.5,151192,5,1,13,53,40,100,1
EMP0526,Todd Moore,48,Marketing,Associate,7.7,51080,2,4,11,49,29,94,1
EMP0527,Michelle Jacobs,43,Finance,Director,2.4,168221,4,2,19,41,9,41,0
EMP0528,Kristy Bryan,30,Engineering,Specialist,2.8,62151,2,5,1,35,22,63,0
EMP0529,Angel May,32,Engineering,VP,1.0,279659,1,5,7,50,4,73,0
EMP0530,Marilyn Wang,24,IT,VP,4.4,284456,1,4,25,49,48,44,0
EMP0531,Mark Jimenez,28,IT,VP,1.1,244972,3,4,24,51,7,42,1
EMP0532,Donna Frye,45,HR,Specialist,2.3,77148,3,3,16,40,2,64,0
EMP0533,Dr. Michael Evans,48,HR,Specialist,2.7,75591,4,4,30,62,23,33,1
EMP0534,Anthony Gonzales,22,Operations,VP,14.2,223649,1,4,24,36,169,49,0
EMP0535,Mr. Lawrence Edwards,25,Operations,VP,14.6,294714,3,1,26,43,135,48,1
EMP0536,Morgan Valencia,50,Operations,Specialist,13.4,81086,3,1,1,52,85,79,0
EMP0537,Bianca Wood,30,Finance,VP,4.6,268914,2,1,0,63,50,99,1
EMP0538,Emma Owens,37,IT,Manager,11.0,97242,3,1,1,59,31,87,1
EMP0539,David Davis,22,Marketing,Manager,14.8,125688,3,3,21,60,146,47,1
EMP0540,James Gilbert,55,Operations,Specialist,2.0,75688,2,4,26,48,2,41,1
EMP0541,Sean Moore,30,Marketing,Specialist,7.0,86336,5,4,27,43,74,93,0
EMP0542,Kenneth Edwards,50,Operations,Director,11.1,176089,4,2,30,57,131,97,1
EMP0543,Kathleen Robertson,35,Marketing,Director,1.0,149477,1,1,11,53,4,35,1
EMP0544,Mr. Alexander Landry MD,29,HR,Manager,14.9,119173,5,4,1,64,78,66,1
EMP0545,Cindy Gomez,53,Sales,Associate,8.4,42287,5,4,28,45,100,78,0
EMP0546,Johnny Khan,60,Engineering,Specialist,7.8,82398,3,1,25,54,85,82,1
EMP0547,Julie Herrera,47,HR,VP,1.2,209316,1,5,20,60,12,69,0
EMP0548,Jessica Khan,29,Operations,VP,1.7,266490,4,5,28,35,3,98,0
EMP0549,Pamela Diaz,23,HR,Specialist,4.1,74805,4,5,1,50,1,73,0
EMP0550,Kelly Lee,48,Sales,VP,5.1,268767,3,2,5,43,49,41,1
EMP0551,Angel Gordon,48,Operations,Specialist,1.4,65828,4,1,10,39,13,71,0
EMP0552,Diana Hays,29,Sales,Specialist,4.0,82467,4,1,8,36,20,89,0
EMP0553,Barbara Hester,26,Marketing,Associate,6.4,44322,2,5,20,60,16,68,0
EMP0554,Robert Morgan,50,Sales,VP,3.5,235939,4,5,14,36,0,89,0
EMP0555,Nicole Gonzalez,40,Operations,Specialist,0.5,70183,3,2,18,61,8,66,1
EMP0556,Kathryn Williams,56,Finance,Associate,4.9,57070,3,4,6,54,32,70,0
EMP0557,Gary Wells,43,Operations,Manager,14.7,106714,2,4,30,54,84,32,0
EMP0558,Larry Robertson,30,Operations,Associate,9.3,43151,4,5,2,60,83,39,1
EMP0559,Louis Martin,50,Operations,Associate,5.6,47471,1,4,11,64,24,86,1
EMP0560,Nancy Evans MD,23,IT,Manager,10.4,95863,2,2,15,65,46,34,1
EMP0561,Kim Erickson,60,Engineering,Associate,3.3,56071,2,5,6,56,36,52,1
EMP0562,Robert Richardson,30,Operations,Associate,2.3,56817,1,5,19,43,21,88,1
EMP0563,Veronica Silva,49,Operations,Associate,12.9,54075,4,4,11,51,11,58,1
EMP0564,Molly Watts,48,Finance,Director,5.1,140776,2,4,30,37,58,61,1
EMP0565,John Coffey,43,HR,Associate,9.6,47877,3,3,7,38,60,60,0
EMP0566,Paula Lane,25,IT,Manager,8.0,125886,4,5,3,37,7,34,1
EMP0567,Lauren Jackson,26,IT,Specialist,1.4,63870,1,1,21,36,1,67,0
EMP0568,Lisa Randall,47,Sales,VP,11.4,252926,4,5,19,38,86,33,1
EMP0569,Michael Johnson,43,Finance,Specialist,2.1,83893,2,5,8,46,13,91,0
EMP0570,Ashley Smith,50,Engineering,Specialist,2.5,64122,5,3,9,53,28,99,0
EMP0571,Christian Vaughn,31,Marketing,Manager,9.2,87898,1,2,16,61,106,36,1
EMP0572,Reginald Knapp,34,Engineering,Specialist,11.9,68861,5,3,27,53,85,68,0
EMP0573,Nancy Brown,32,Sales,Director,13.2,138896,2,4,19,41,61,91,0
EMP0574,Daniel Nguyen,43,IT,Director,3.5,141511,1,5,3,39,18,86,0
EMP0575,Kelly Edwards,59,IT,Manager,1.1,101551,3,2,10,62,8,61,1
EMP0576,Thomas Peterson,23,Engineering,Manager,13.7,95812,3,2,9,49,61,77,0
EMP0577,Raymond Le,32,Finance,VP,13.3,222996,5,4,22,46,81,84,0
EMP0578,Melissa Bishop,37,Sales,VP,9.0,228269,3,2,27,51,74,92,1
EMP0579,David Grant,27,IT,Director,12.0,168777,3,4,16,49,45,71,0
EMP0580,William Evans,55,Operations,Director,10.9,182655,1,2,7,63,51,87,0
EMP0581,Daniel Bush,47,Engineering,Manager,6.7,104322,1,2,24,37,37,86,0
EMP0582,Gregory Peck,36,Finance,Associate,7.2,52722,3,4,10,43,48,33,1
EMP0583,Denise Martinez,36,HR,Associate,5.7,38980,3,2,3,38,9,76,1
EMP0584,Jamie Baird,34,HR,Specialist,10.3,74815,2,5,29,43,1,68,0
EMP0585,Tina Ballard,44,IT,Director,14.2,174332,2,4,7,42,53,90,1
EMP0586,Dwayne Klein,59,IT,VP,11.5,226646,4,2,14,49,7,77,1
EMP0587,Jeremy Scott,30,HR,Associate,7.7,53229,5,3,10,53,2,34,0
EMP0588,Dale Ryan,31,HR,VP,9.6,248325,4,1,17,47,24,90,1
EMP0589,Melissa Taylor,58,Marketing,Manager,1.9,131120,4,1,5,41,2,79,0
EMP0590,Laurie Sanchez,36,HR,VP,1.5,222874,4,4,5,38,4,98,0
EMP0591,Kiara Little,26,Marketing,Specialist,2.4,72928,2,5,18,65,9,55,0
EMP0592,Jason Love,51,HR,Specialist,0.6,73649,5,3,29,53,7,88,0
EMP0593,Randy Smith,24,Operations,Associate,4.7,52821,4,2,5,63,39,85,1
EMP0594,Tanya Russell,33,Operations,VP,1.9,286134,3,1,22,58,6,93,1
EMP0595,Sherry Woods,57,Sales,Manager,1.6,109065,3,2,16,36,14,33,1
EMP0596,Victor Morris,51,Marketing,Manager,11.3,89353,2,3,21,58,118,92,1
EMP0597,Susan Davis,27,Finance,Specialist,10.8,62389,1,5,3,40,75,45,1
EMP0598,Kimberly Sharp,47,Engineering,Associate,10.2,41233,2,2,22,36,114,98,1
EMP0599,Susan Thompson,25,IT,VP,9.8,211670,1,1,24,47,98,55,0
EMP0600,Casey Gillespie,45,Engineering,Specialist,1.8,56950,2,1,25,61,21,51,0
EMP0601,Jennifer Simpson DVM,24,Marketing,VP,2.1,223237,5,4,30,48,3,59,0
EMP0602,Tammy Mcdowell,44,HR,Specialist,0.7,58998,1,3,20,54,5,35,1
EMP0603,Keith Rodriguez,35,Marketing,Manager,11.6,124266,1,5,10,55,99,47,1
EMP0604,Mrs. Virginia Daniels,42,IT,Director,1.5,172791,2,5,18,57,0,59,1
EMP0605,Todd Rosales MD,29,HR,Specialist,11.2,81444,4,3,6,39,96,56,0
EMP0606,Brian Martin,37,Operations,VP,14.8,236656,1,5,25,48,165,66,0
EMP0607,David Lopez,36,IT,Manager,5.5,92187,5,4,16,45,23,86,0
EMP0608,Rachel Bradley,26,IT,Director,1.5,149886,2,5,17,61,6,60,0
EMP0609,Casey Chase,49,Operations,Director,5.0,150641,3,3,18,49,40,55,1
EMP0610,Samantha Robertson,52,Sales,Manager,6.3,123910,4,2,26,65,61,32,1
EMP0611,Michael Lopez,49,IT,Associate,11.5,47715,3,4,14,44,116,66,0
EMP0612,Franklin Wright,60,Marketing,Associate,5.3,50586,5,3,15,47,53,80,0
EMP0613,David Molina,45,Marketing,Director,5.0,143848,5,2,6,59,27,62,0
EMP0614,Elizabeth Sharp,44,Finance,Director,9.7,184604,2,2,15,36,104,76,0
EMP0615,Matthew Schwartz,23,Operations,Specialist,4.3,87182,5,2,0,38,49,41,1
EMP0616,Bryan Parker,46,Marketing,VP,14.6,223727,3,3,16,65,136,78,1
EMP0617,Jonathan Jacobson,48,IT,Associate,2.1,57195,4,3,0,40,15,30,1
EMP0618,Emily Wilson,48,Finance,Director,10.0,161753,2,4,5,51,14,87,0
EMP0619,Elizabeth Mendez,35,Engineering,Specialist,1.4,87096,5,1,27,55,5,40,1
EMP0620,Casey Hernandez,46,Sales,Manager,1.4,102037,1,1,8,59,0,35,1
EMP0621,Lisa Perry,55,IT,Associate,5.9,57562,5,4,10,46,43,70,0
EMP0622,Kaitlin Medina,45,Operations,Director,6.0,149051,4,2,0,54,15,97,0
EMP0623,Colleen Wright,37,HR,Director,9.5,178319,3,1,20,46,111,35,0
EMP0624,Shelley Miller,42,Operations,Director,3.9,165628,1,4,9,54,12,48,0
EMP0625,Michael Miller,58,IT,VP,1.0,274573,2,4,30,38,7,99,0
EMP0626,Amy Kelley,35,Engineering,Associate,2.0,39567,3,4,30,63,21,45,1
EMP0627,Laura Hernandez,56,Operations,Director,1.8,179989,4,4,20,55,17,85,0
EMP0628,Joseph Wilson,36,HR,Associate,4.7,41731,1,5,11,39,54,70,0
EMP0629,Kevin Davis,58,Operations,Associate,5.0,59572,3,2,16,56,38,58,1
EMP0630,Rhonda Chavez,22,Finance,Director,5.1,181978,5,3,4,58,42,34,1
EMP0631,Joyce Brown,41,Finance,Associate,4.5,59978,1,3,4,61,45,56,0
EMP0632,Robert Cummings,36,Operations,Associate,13.9,43474,1,5,12,45,108,90,0
EMP0633,Robert Reese,47,Marketing,Associate,8.2,50725,1,2,10,59,74,36,1
EMP0634,Amber Cooper,41,Marketing,Specialist,8.9,81241,2,2,23,55,1,76,0
EMP0635,Zachary Michael,58,Sales,Specialist,6.0,83089,4,2,30,36,15,95,0
EMP0636,Timothy Johnson,59,Marketing,Specialist,9.6,69526,4,3,22,54,22,78,0
EMP0637,Randy Cannon,27,IT,Director,13.0,161038,1,1,3,50,130,58,1
EMP0638,Maria Fisher,58,Finance,Director,4.5,167268,3,5,4,38,20,38,0
EMP0639,Janet Kane DVM,56,Engineering,Director,12.3,178158,1,5,26,53,137,45,0
EMP0640,Michael Stanley,35,Operations,Associate,3.1,61958,3,1,1,39,36,56,0
EMP0641,Martha Bailey,27,Finance,Manager,12.8,99129,5,2,13,65,0,61,1
EMP0642,Joshua Rice,55,IT,Manager,10.1,127945,5,3,19,52,65,56,0
EMP0643,Courtney Smith,24,Engineering,Associate,3.2,48359,5,3,8,39,27,39,1
EMP0644,Edwin Nunez,38,Marketing,Specialist,6.3,72108,2,1,20,58,34,54,1
EMP0645,Kim Morrow,58,Operations,VP,9.3,245092,5,2,2,43,15,98,1
EMP0646,Gregory Hill,57,Marketing,Associate,5.3,41613,3,1,3,47,28,78,0
EMP0647,Molly Rodriguez,29,Engineering,VP,11.1,270047,5,3,17,43,25,36,1
EMP0648,Jennifer Miranda,46,Engineering,Manager,12.2,133672,2,3,0,56,131,49,1
EMP0649,Alexis Harris,31,Marketing,VP,11.2,237623,4,4,5,49,90,89,0
EMP0650,Andrew Harper,39,Marketing,VP,14.2,253405,1,1,2,58,61,41,1
EMP0651,Amber Yang,25,Sales,Manager,8.5,115021,4,4,16,56,86,98,1
EMP0652,David Robinson,47,Sales,VP,3.3,270688,2,5,21,54,2,87,0
EMP0653,Amy Gordon,55,Engineering,Specialist,1.6,79950,4,2,11,38,10,61,0
EMP0654,Robert Dennis,29,HR,Manager,7.5,94465,4,2,29,44,82,95,0
EMP0655,Kyle Chambers,24,Marketing,VP,12.8,260721,3,3,3,35,89,53,0
EMP0656,Eric Thomas,22,Sales,Director,7.6,147102,4,1,4,59,84,62,1
EMP0657,Connie Turner,47,HR,Manager,5.8,109858,2,2,11,58,55,30,1
EMP0658,Travis Hobbs,34,Sales,Specialist,4.6,68445,2,2,30,50,42,64,1
EMP0659,Lori Simmons,53,Finance,Director,12.1,174259,2,1,30,38,5,46,1
EMP0660,William David DDS,54,Sales,Specialist,1.3,76195,4,3,9,50,2,84,0
EMP0661,Emma Butler,31,Operations,VP,3.2,234452,2,4,22,60,6,94,0
EMP0662,James Webster,34,IT,VP,9.6,248224,3,2,29,39,54,32,1
EMP0663,Samuel Turner,27,IT,Associate,6.0,59182,4,1,16,48,6,68,1
EMP0664,Renee Melendez,45,HR,Manager,10.8,88124,1,3,6,44,120,65,0
EMP0665,Tracy Grant,28,Marketing,Specialist,4.2,68500,1,5,24,62,8,72,1
EMP0666,David Harris,45,Operations,VP,8.2,277880,1,1,4,55,95,45,1
EMP0667,Tammy Boone,34,Engineering,Director,13.9,162526,2,5,23,39,11,46,1
EMP0668,Nathaniel Lee,57,Operations,Manager,13.4,110909,4,1,15,48,134,94,0
EMP0669,Michael Morrison,32,Finance,Manager,10.6,91094,4,4,21,52,19,51,0
EMP0670,Chelsea Gill,54,Marketing,VP,11.8,219183,2,5,6,53,2,95,0
EMP0671,Kristin Mendoza,55,HR,Manager,12.9,105400,2,1,17,42,74,35,1
EMP0672,Felicia Krueger,39,Engineering,Manager,13.2,103221,1,3,20,54,94,71,1
EMP0673,Timothy Hayden,57,HR,Specialist,6.4,71461,2,3,5,43,2,98,0
EMP0674,Zachary Mendoza,59,Sales,Director,14.2,178346,2,3,8,41,148,80,1
EMP0675,Larry Harris,36,Operations,Director,5.8,149926,2,2,18,50,23,66,1
EMP0676,Kristen Rowe,32,Engineering,Director,10.5,143739,4,4,3,58,67,47,1
EMP0677,Joseph Howard,22,Finance,Associate,6.0,37843,2,1,8,39,1,31,0
EMP0678,Jose Crawford,28,Finance,Manager,12.9,103345,4,2,9,45,122,49,1
EMP0679,William Harrison,56,Operations,Manager,9.6,92779,1,5,28,61,53,48,1
EMP0680,Suzanne Wood,36,Sales,Specialist,6.7,72880,1,4,5,38,28,43,0
EMP0681,Justin Walker,40,HR,Associate,9.4,41353,2,4,16,45,76,53,0
EMP0682,Dean Donovan,31,Operations,Manager,9.6,97857,3,1,25,35,110,49,0
EMP0683,Jennifer Hernandez,31,HR,Specialist,6.2,61767,2,1,10,39,23,79,0
EMP0684,James Whitaker,53,Marketing,Director,10.6,148086,4,4,17,50,126,98,0
EMP0685,Mr. Michael Scott PhD,36,Marketing,Associate,8.9,52415,1,2,11,35,26,32,1
EMP0686,Maria Henry,52,Engineering,Associate,1.4,48808,5,4,7,41,7,37,0
EMP0687,Robert Jackson,29,Operations,Specialist,6.0,79546,5,1,15,61,20,33,1
EMP0688,Katherine Stark,31,Sales,Specialist,1.6,70942,5,3,15,48,10,86,0
EMP0689,Maria Brown,22,HR,Associate,2.8,36230,4,4,21,65,29,100,1
EMP0690,Ryan Landry,38,Finance,VP,4.9,215594,4,2,23,41,25,37,1
EMP0691,Pamela Gutierrez,33,IT,VP,9.3,242687,4,2,1,60,47,84,1
EMP0692,Crystal Mann,28,Sales,Associate,5.8,54865,1,1,6,54,1,69,1
EMP0693,Jonathan Brooks,34,Operations,Associate,4.0,45712,1,1,10,37,19,31,0
EMP0694,Mary Jensen,40,Marketing,VP,3.3,288693,3,4,28,58,32,42,1
EMP0695,Mr. Aaron Arnold,31,Sales,VP,12.0,218613,4,1,28,55,23,59,0
EMP0696,Joseph Hill,31,IT,Specialist,14.9,77511,4,2,10,44,92,85,1
EMP0697,Alicia Li,46,Engineering,Specialist,15.0,65608,1,1,4,59,79,100,0
EMP0698,Renee Browning,27,Marketing,Associate,7.1,50006,3,3,2,37,22,88,0
EMP0699,Brent Hernandez,52,HR,Director,9.9,172953,3,4,13,62,79,46,1
EMP0700,Joseph Ochoa,54,IT,VP,14.3,258300,1,5,20,36,62,31,1
EMP0701,James Watson,28,HR,Director,2.8,161973,3,4,14,55,29,43,1
EMP0702,Karl Branch,28,Marketing,Director,3.4,165408,2,4,3,43,29,34,1
EMP0703,Michael Abbott,52,Engineering,Specialist,5.1,81742,4,2,1,41,55,32,0
EMP0704,Shannon Malone,49,HR,Manager,9.7,90876,3,4,27,48,67,57,0
EMP0705,James Tran,38,Engineering,Associate,1.8,54764,4,4,15,52,5,85,0
EMP0706,Adam Jackson,58,Marketing,Associate,8.6,64043,5,2,10,56,93,70,1
EMP0707,Mr. Richard Knight PhD,51,Engineering,Director,13.0,152283,4,2,20,49,148,42,1
EMP0708,Joseph Williams,34,Marketing,VP,11.7,225625,5,1,11,61,93,32,1
EMP0709,Sean Clay,41,Finance,Associate,10.6,58829,4,5,24,45,29,52,0
EMP0710,Anthony Jones,45,Engineering,VP,9.1,288622,3,5,30,64,109,42,0
EMP0711,Stephanie Elliott,28,Sales,Associate,9.4,57400,1,4,16,53,103,34,0
EMP0712,Timothy Edwards,48,Engineering,Specialist,11.8,69525,3,4,13,64,101,30,0
EMP0713,Laurie Goodwin,36,Finance,Manager,4.4,112246,4,1,0,35,9,77,0
EMP0714,Jennifer Jones,55,IT,VP,5.1,274253,2,5,20,47,53,36,0
EMP0715,David Davenport,58,Marketing,Specialist,14.1,87333,2,4,7,38,32,94,1
EMP0716,Steven Rivera,58,IT,Director,12.7,157656,1,1,13,35,151,49,1
EMP0717,Brenda Hinton,56,Sales,VP,6.0,230053,3,2,17,61,31,78,0
EMP0718,Kathryn Mccann,25,HR,Associate,14.1,43280,5,1,3,39,72,63,0
EMP0719,Jeffrey Roberson,27,Sales,Director,12.7,173958,1,4,30,55,19,56,0
EMP0720,Randy Friedman,46,HR,Director,12.2,156003,5,1,3,45,88,91,0
EMP0721,Raymond Johnson,60,Finance,Associate,2.8,52120,1,5,16,59,9,57,0
EMP0722,Willie Henry,29,Engineering,Associate,5.2,50091,2,1,11,57,35,67,1
EMP0723,Todd Reynolds,53,Marketing,VP,14.2,289658,4,1,18,60,150,69,1
EMP0724,Mary Miller,35,Operations,Director,6.8,189182,5,1,19,47,54,55,0
EMP0725,Rebecca Marquez,45,Operations,Associate,7.0,40914,5,5,11,47,3,44,1
EMP0726,Christian Dawson,42,Marketing,Specialist,5.7,67202,1,1,10,57,1,72,1
EMP0727,Nancy Stewart,58,IT,Manager,13.5,113746,5,2,3,52,71,39,1
EMP0728,Aaron Parker,48,Operations,Director,5.1,146423,1,3,13,38,7,87,0
EMP0729,Derrick Anderson,42,Finance,Director,3.9,177259,4,3,4,61,25,34,1
EMP0730,Jerry Peters,55,Sales,Manager,9.8,96164,3,3,24,46,51,40,1
EMP0731,Alexander Gomez,42,Marketing,VP,1.2,281018,3,5,3,35,3,36,0
EMP0732,Kyle Nguyen,30,Sales,Manager,13.0,102196,5,1,29,57,13,63,0
EMP0733,Edgar Hughes,24,Sales,Associate,14.2,43676,3,2,29,39,149,88,1
EMP0734,Steven Stein,42,IT,Specialist,11.4,84418,5,2,18,50,125,65,1
EMP0735,Laura Jackson,52,Engineering,Associate,4.3,48678,2,1,2,50,3,57,1
EMP0736,Charles Turner,35,Marketing,Director,3.2,182344,5,3,24,65,19,88,0
EMP0737,Arthur Hamilton MD,54,Sales,Specialist,3.7,70960,4,2,2,43,27,51,0
EMP0738,Mr. David Wright,58,Operations,Associate,2.6,46061,2,3,0,50,28,75,1
EMP0739,Linda Gonzalez,57,Sales,Manager,6.8,123378,1,4,8,46,12,36,0
EMP0740,Eric Rush,49,Engineering,Manager,3.2,111170,5,4,3,56,3,61,0
EMP0741,Manuel Brock,36,Sales,Associate,13.5,55504,3,2,28,54,103,80,1
EMP0742,George Ochoa,36,Operations,Manager,7.7,117551,3,1,3,40,64,91,0
EMP0743,Valerie Taylor,37,Engineering,Manager,10.4,106976,4,4,10,35,22,63,0
EMP0744,Travis Harris,32,Operations,Associate,9.1,58268,1,1,26,35,72,67,0
EMP0745,Vincent Novak,55,Finance,Specialist,11.4,65691,4,3,17,43,124,62,0
EMP0746,Michael Henry,22,IT,Manager,4.9,128464,5,1,4,48,54,58,0
EMP0747,Dana Bennett,31,HR,Director,0.9,160016,2,4,20,38,4,99,0
EMP0748,Jenna Wilson,50,Finance,Specialist,4.3,70378,3,2,1,53,33,73,0
EMP0749,Leslie Gardner,29,Marketing,Director,8.7,137956,4,2,16,65,37,50,1
EMP0750,Krista Benton,40,Sales,Manager,0.7,104418,4,3,0,48,5,30,1
EMP0751,Michael Gonzales,30,HR,Manager,11.9,126183,2,2,13,53,20,67,1
EMP0752,Michael Fuentes,52,HR,Specialist,12.3,73794,5,3,5,53,111,71,0
EMP0753,Jennifer Porter,30,Operations,Specialist,4.1,74564,3,5,29,55,29,99,1
EMP0754,Dana Hopkins,49,Sales,Specialist,8.1,78515,4,4,30,48,59,33,0
EMP0755,Rachel Jones,23,IT,Director,1.8,159293,3,2,19,52,18,67,1
EMP0756,Karen Morales DDS,47,Engineering,Director,10.2,139457,3,1,10,54,12,67,0
EMP0757,Melissa Stephens,43,IT,Associate,2.3,55024,2,5,4,52,23,93,0
EMP0758,Heather Woodard,31,HR,Manager,10.9,98153,2,5,28,38,24,61,0
EMP0759,Margaret Miller,52,Sales,VP,6.9,261417,2,5,8,61,78,86,0
EMP0760,Mary Kelly,29,Marketing,Specialist,9.7,68598,2,4,15,44,37,42,0
EMP0761,Amanda Terrell,53,HR,Manager,6.2,112779,3,4,3,53,49,31,1
EMP0762,Jennifer Goodwin,24,Operations,VP,6.9,259612,1,2,11,51,64,56,1
EMP0763,Jessica Smith,55,Marketing,VP,1.4,257519,3,3,29,47,2,91,0
EMP0764,Jorge Stone,52,Finance,Specialist,8.9,81900,5,5,11,53,79,81,1
EMP0765,Laura Griffin,23,IT,Specialist,3.9,75158,2,1,28,63,11,79,0
EMP0766,Raymond Chapman,48,Sales,Associate,9.4,48688,1,2,10,38,89,87,1
EMP0767,Haley Johnson,58,Finance,Specialist,3.3,71991,4,5,25,60,12,41,1
EMP0768,Jason Nixon,28,Engineering,Associate,12.2,36350,3,2,21,58,135,93,1
EMP0769,Todd Thomas,35,Finance,Director,7.8,151225,4,4,27,37,72,40,1
EMP0770,Jesse Clark,55,HR,Associate,2.2,42924,2,3,29,61,8,79,0
EMP0771,Mr. Jeffrey Horton,26,IT,Specialist,14.5,80703,3,4,19,36,139,44,1
EMP0772,Eric Patrick,38,Operations,Associate,1.0,51090,2,5,26,58,5,37,1
EMP0773,Samuel Wong,26,IT,VP,13.6,274720,5,4,30,39,69,35,1
EMP0774,Carly Riggs,53,Finance,Specialist,9.9,71555,1,2,17,54,110,78,0
EMP0775,Christopher Moore,23,Finance,Director,1.3,170155,5,2,3,49,3,77,0
EMP0776,Tina Hall,43,Marketing,Associate,4.0,46799,5,1,25,35,46,61,0
EMP0777,Cody Davidson,26,Sales,Specialist,6.9,60433,3,2,19,47,61,45,1
EMP0778,Allen Mendez,26,HR,VP,3.5,240688,5,3,27,55,15,97,0
EMP0779,Kevin Price,42,Operations,VP,7.8,284475,3,1,6,64,17,96,1
EMP0780,Christine Goodwin,57,Engineering,Associate,5.9,47085,1,1,15,61,4,64,1
EMP0781,Amy Garcia,46,HR,Associate,1.4,61282,4,1,7,41,12,53,0
EMP0782,Chelsea Nguyen,56,Sales,Manager,1.0,129195,5,2,24,35,5,85,0
EMP0783,Dennis Huffman,25,IT,Associate,8.5,53729,5,3,5,65,48,89,0
EMP0784,Margaret Harper,37,Engineering,Associate,4.6,49521,5,4,1,54,17,76,0
EMP0785,Laurie Bailey,38,IT,VP,0.7,225704,4,1,14,35,7,34,0
EMP0786,Lisa Cervantes,52,Operations,VP,3.7,284030,3,1,14,40,16,65,0
EMP0787,Elizabeth Mendez,53,Engineering,Specialist,9.6,75878,2,5,27,49,74,70,1
EMP0788,Cesar Wilson,36,Sales,Manager,14.6,108888,5,2,11,38,19,94,1
EMP0789,Clayton Steele,54,Sales,Specialist,3.5,74155,3,2,0,45,38,76,1
EMP0790,Jennifer Taylor,48,Operations,Manager,7.3,87771,3,2,29,53,3,43,0
EMP0791,Cody Reid,42,Finance,VP,11.9,201730,4,1,30,37,57,94,0
EMP0792,Maria Cooke,57,Operations,Director,8.3,183379,5,4,10,43,24,67,0
EMP0793,Katherine Taylor,43,Engineering,Manager,3.8,99854,4,3,2,46,35,94,1
EMP0794,Jerry Brown,45,Operations,Director,9.3,181120,2,4,21,53,85,47,0
EMP0795,Adam Taylor,40,HR,Manager,2.2,126193,2,2,28,49,0,51,1
EMP0796,Tracey Wagner,38,IT,VP,10.8,206534,1,2,2,39,99,84,1
EMP0797,Michael Perry PhD,47,Operations,VP,4.0,282499,5,1,23,36,4,75,0
EMP0798,Bradley Johnson DDS,48,Operations,Director,11.2,183887,5,5,2,39,1,77,0
EMP0799,Donald Medina,51,Marketing,Manager,6.9,127345,3,4,10,36,72,96,0
EMP0800,Jim Newton,59,Finance,Director,4.6,147835,4,5,8,53,39,70,1
EMP0801,Krista Wilson,40,Engineering,Associate,4.7,55196,5,1,29,42,42,65,1
EMP0802,Reginald Morrow,35,Finance,VP,11.4,268702,1,4,26,61,6,77,1
EMP0803,Rodney Williams,58,Marketing,Director,8.1,183905,4,4,15,43,11,47,0
EMP0804,Kimberly Fritz,29,HR,Associate,11.3,50595,3,3,14,55,131,39,0
EMP0805,Ronald Potter,42,Sales,Director,2.0,172163,1,2,4,53,12,58,0
EMP0806,Zachary Cole,38,Marketing,Specialist,7.5,82290,1,5,27,58,27,30,1
EMP0807,Robert Gonzales,53,Finance,VP,3.5,235711,5,2,20,46,30,97,0
EMP0808,Patricia Young PhD,33,HR,Specialist,13.2,79966,4,3,3,42,28,66,0
EMP0809,Heather Page,50,HR,Specialist,10.1,62633,3,4,22,39,99,91,0
EMP0810,Carol Taylor,53,Finance,Director,10.5,174959,1,5,24,45,33,70,0
EMP0811,Daniel Brown,50,Marketing,Director,4.3,188289,1,3,14,48,14,51,0
EMP0812,Douglas Ryan,29,Finance,VP,5.3,203979,1,3,29,46,8,36,0
EMP0813,Michael Roberts,45,Finance,Specialist,14.8,74085,3,4,6,52,63,31,1
EMP0814,Scott Duke,23,IT,VP,2.0,237044,1,2,20,59,22,61,1
EMP0815,Anna Estes,29,IT,Director,10.0,141775,5,4,0,35,95,99,0
EMP0816,Tamara Riddle,31,Sales,VP,12.0,259119,1,3,8,49,51,42,1
EMP0817,Beth Cline,58,Marketing,Director,4.7,179684,3,5,16,42,24,32,0
EMP0818,Michael Poole,47,HR,VP,10.9,250883,4,3,15,53,27,69,0
EMP0819,Megan Burns,27,Sales,VP,3.0,220129,5,4,16,58,36,59,1
EMP0820,Debra Perry,53,HR,Director,5.0,165328,5,4,27,35,17,56,0
EMP0821,Mark Beard,53,Finance,Director,5.0,189884,5,1,29,38,27,39,1
EMP0822,Jose Ramirez,22,Engineering,VP,11.3,207068,4,2,20,60,134,92,1
EMP0823,Jackie Clements,57,Marketing,Director,0.6,186623,5,3,19,63,5,51,1
EMP0824,Aaron Schroeder,55,Operations,Specialist,12.1,79602,2,3,29,58,34,51,1
EMP0825,Monica Ellis,52,Sales,Manager,6.5,92468,2,1,17,49,42,42,1
EMP0826,Heather Brown,51,Finance,Specialist,1.5,65562,3,3,26,64,13,69,1
EMP0827,Claudia Jordan,47,HR,VP,8.3,212043,3,2,8,53,13,46,0
EMP0828,Derrick Clayton,59,Operations,Director,5.3,191073,2,2,0,60,29,57,1
EMP0829,Kenneth Knight,31,Engineering,Specialist,7.4,73978,4,4,21,50,41,68,0
EMP0830,Mr. Michael Williams,29,Engineering,VP,6.2,244415,3,5,2,63,27,51,0
EMP0831,Richard Stevens,39,Operations,Specialist,12.7,71441,5,4,20,46,45,33,0
EMP0832,Scott Alexander,51,IT,Manager,11.1,127816,2,1,6,49,92,97,1
EMP0833,Tyler Harris,59,HR,Manager,1.9,122424,1,3,20,50,12,35,0
EMP0834,Bonnie Santos,38,HR,Associate,14.6,43443,4,2,15,58,165,99,0
EMP0835,Timothy Hill,24,HR,Associate,9.4,46893,1,1,14,55,90,37,1
EMP0836,Danielle Watson,56,HR,Specialist,10.0,75514,3,5,0,65,85,81,1
EMP0837,Carol Sanders,25,Sales,Specialist,12.5,67097,1,3,19,41,129,82,1
EMP0838,Michael Young,22,HR,Manager,8.6,116966,5,4,2,38,11,53,0
EMP0839,Michele Smith,33,HR,VP,9.6,284752,4,1,28,58,31,69,0
EMP0840,Casey Perez,34,Operations,Specialist,5.0,80431,5,3,13,42,53,54,1
EMP0841,Alexandra Dominguez,34,Engineering,Manager,4.3,100537,3,3,24,55,33,87,0
EMP0842,Virginia Henderson,32,Sales,VP,6.1,257549,3,2,10,57,64,100,0
EMP0843,Benjamin Reyes,39,Sales,VP,11.7,201010,5,2,15,39,119,71,1
EMP0844,Ashley Edwards,46,Operations,VP,13.6,242168,2,4,15,45,86,42,1
EMP0845,Breanna Ayala,44,HR,Specialist,7.3,87121,5,5,22,48,51,90,0
EMP0846,Brandi Haney,38,Operations,Manager,9.2,115127,5,1,13,48,99,64,0
EMP0847,Joseph Smith,47,Finance,Associate,2.9,43703,5,2,4,56,21,36,0
EMP0848,Jessica Bowen,41,IT,Specialist,12.1,70391,2,2,9,44,20,53,1
EMP0849,Brittany Jenkins,35,Marketing,Associate,11.0,47870,2,3,3,50,100,57,0
EMP0850,Shannon Miller,46,IT,Director,10.7,162414,3,3,26,56,108,80,1
EMP0851,Paul Lawrence,44,Marketing,VP,0.9,248052,5,1,19,54,12,80,0
EMP0852,Victor Edwards,36,Engineering,Director,3.2,147377,2,4,4,44,19,79,0
EMP0853,Donald Miller,52,Sales,Manager,14.4,104193,1,4,25,37,88,42,0
EMP0854,Lindsay Lawson,47,IT,Associate,2.8,46667,1,4,20,65,25,84,0
EMP0855,Melissa Abbott,41,Marketing,Manager,11.3,122266,3,5,11,38,45,84,0
EMP0856,Elizabeth Holmes,46,IT,Associate,2.7,54482,5,4,13,36,29,66,1
EMP0857,Nicole Phillips,53,Marketing,Manager,1.2,114730,3,1,17,43,2,67,0
EMP0858,Steven Blevins,23,Marketing,Manager,4.8,92918,5,4,7,40,5,98,1
EMP0859,Brian Porter MD,31,Operations,Director,6.8,184152,5,5,14,36,9,71,0
EMP0860,Vanessa Hatfield,31,Finance,Associate,6.0,37946,2,3,23,55,10,85,0
EMP0861,Bonnie Valencia,34,Finance,Manager,14.9,107105,5,4,6,59,111,65,0
EMP0862,Holly Vega,33,HR,VP,10.2,236811,1,4,6,35,100,83,0
EMP0863,Tiffany Townsend,39,HR,Director,9.2,155052,2,1,19,44,93,88,0
EMP0864,Austin Baker,60,HR,VP,6.1,242570,4,2,14,62,63,56,1
EMP0865,Antonio Mccormick,32,Operations,Director,4.2,148122,5,3,2,41,47,97,0
EMP0866,Lori Mason,40,IT,Manager,7.0,97948,5,3,18,48,53,32,1
EMP0867,Michael Miller,40,Finance,Director,14.9,161823,1,4,6,41,28,67,1
EMP0868,Lisa Ramirez,32,IT,Director,8.5,166974,3,3,20,38,85,70,0
EMP0869,Jorge Harris,56,Marketing,Specialist,13.0,82370,2,4,9,35,136,72,0
EMP0870,Kimberly Myers,33,Operations,Associate,6.1,49175,5,2,4,54,64,40,1
EMP0871,Sandra Becker,48,Sales,Manager,9.3,121993,1,5,28,60,83,79,1
EMP0872,Michael Blair,34,IT,Specialist,7.1,66028,2,3,2,63,3,56,0
EMP0873,Amy Miller,51,Engineering,VP,6.9,280887,5,3,27,64,20,61,1
EMP0874,Jesse Lynch,26,Sales,Associate,10.4,55148,3,5,3,57,99,98,0
EMP0875,Patrick Yang,50,Marketing,Associate,4.7,56435,4,4,25,38,6,48,0
EMP0876,Michael Miles,59,IT,Associate,11.0,54914,2,3,3,45,18,88,0
EMP0877,Troy Mills,53,IT,Specialist,11.5,68901,5,3,19,36,35,48,1
EMP0878,Michelle Jackson,23,Engineering,Manager,8.7,100366,4,4,21,44,19,46,1
EMP0879,Richard Adams,40,IT,Director,4.2,175652,5,1,8,46,46,95,0
EMP0880,Patricia Johnson,55,Marketing,Director,9.5,178627,5,3,12,62,62,51,0
EMP0881,Denise Brown,52,Engineering,Director,13.5,162504,2,2,4,43,155,45,1
EMP0882,Laura Jones,44,Marketing,Director,8.8,153284,3,1,12,55,12,72,0
EMP0883,Ian Porter,39,Finance,VP,12.8,277845,2,2,8,60,46,61,1
EMP0884,Holly Scott,51,Engineering,Associate,14.7,46821,1,2,16,44,15,56,1
EMP0885,Kenneth Sharp,59,IT,VP,7.4,279283,2,4,3,49,10,90,0
EMP0886,Jordan Williams,56,Finance,Specialist,9.2,75482,4,2,18,60,81,88,0
EMP0887,Dana Ruiz,38,IT,Director,9.2,164455,5,3,30,55,38,63,0
EMP0888,Chris Velazquez,37,HR,Manager,10.3,116822,4,1,10,63,65,90,1
EMP0889,Kristen Sloan,33,Sales,Director,10.3,185628,2,2,24,38,97,59,1
EMP0890,Jennifer Morris,54,HR,Manager,11.6,114019,2,3,5,41,101,51,0
EMP0891,Nathan Nelson,32,HR,VP,14.7,237184,3,3,4,44,85,75,0
EMP0892,Jake Shaw,42,Marketing,Manager,6.7,118956,1,4,11,55,17,88,0
EMP0893,Cassie Brock,23,IT,Specialist,3.5,71663,4,3,17,52,12,57,0
EMP0894,Dr. Andrea Marshall,50,IT,Manager,2.0,116044,4,1,24,56,12,92,1
EMP0895,Ryan Murphy,60,Finance,Director,1.4,159143,4,3,3,50,4,39,1
EMP0896,Aimee Gonzalez,48,IT,Specialist,13.2,66233,4,2,10,53,139,63,1
EMP0897,Elizabeth Dean,40,Operations,Associate,2.5,40747,2,3,14,42,14,76,0
EMP0898,Kevin Snyder,38,HR,VP,11.3,255842,4,4,25,36,135,37,0
EMP0899,Christie Mccullough,54,HR,Associate,8.7,40681,5,3,20,37,94,39,1
EMP0900,Danielle Smith,57,IT,Associate,8.2,54953,1,4,26,43,59,87,0
EMP0901,David Reed,31,Operations,Manager,1.6,121840,1,4,18,44,0,79,1
EMP0902,Sherry Tapia,36,HR,Director,2.7,173171,5,3,28,63,9,54,0
EMP0903,Matthew Sweeney,35,HR,Specialist,2.0,80433,1,3,27,45,7,56,0
EMP0904,Ashley Moreno,32,Marketing,Manager,3.9,88805,4,1,14,62,13,78,1
EMP0905,Johnathan Brown,50,Marketing,Specialist,3.5,82641,5,5,3,40,13,45,0
EMP0906,Michelle Davis DVM,60,HR,Manager,6.5,122402,5,1,30,49,2,30,1
EMP0907,Kelly Haynes,48,Marketing,Associate,5.6,48914,1,4,28,50,2,65,0
EMP0908,William Miller,42,Sales,Specialist,12.8,76051,2,4,24,36,15,56,0
EMP0909,Casey Wilkins,40,HR,VP,6.5,265453,2,3,28,64,14,50,1
EMP0910,Keith Graham,35,HR,Director,9.6,142298,1,4,1,58,111,48,0
EMP0911,Cynthia Green,24,Finance,Director,11.6,147273,2,1,13,37,28,90,0
EMP0912,Robert Haynes,48,IT,VP,6.9,265114,3,2,10,56,69,76,0
EMP0913,Emily Nelson,28,Marketing,Director,11.4,151498,2,2,21,37,24,81,0
EMP0914,Dale Chan,28,Engineering,Specialist,4.1,74286,5,5,28,43,48,46,1
EMP0915,Brittney Martin,45,Operations,Specialist,8.9,82750,2,1,4,55,4,60,1
EMP0916,Jason Herrera,42,Sales,VP,7.5,257777,4,5,8,52,56,45,0
EMP0917,Christine Parker,54,HR,Manager,15.0,114822,1,3,24,51,67,38,0
EMP0918,Bryan Moore,49,Operations,Associate,14.5,41106,5,3,4,62,88,69,1
EMP0919,Samantha Terry,57,Sales,VP,3.1,224352,2,3,16,54,9,97,0
EMP0920,Russell Murphy,56,HR,VP,3.8,210838,5,2,26,64,45,49,1
EMP0921,David Kelly,49,IT,Specialist,4.5,72522,4,3,4,58,19,30,1
EMP0922,Megan Green,57,Operations,Manager,3.5,91179,2,4,26,40,15,80,0
EMP0923,Amanda Sullivan MD,48,Marketing,VP,3.3,219984,1,5,30,56,9,56,0
EMP0924,Danielle Murray,39,IT,Manager,0.7,115196,4,2,21,49,4,45,1
EMP0925,Brenda Smith,51,Engineering,Associate,13.3,48034,4,4,18,40,124,67,1
EMP0926,Vickie Anderson,28,Sales,VP,14.4,258593,1,1,27,59,71,65,0
EMP0927,Jacqueline Mccoy,54,HR,Director,10.2,143802,2,5,15,42,75,85,0
EMP0928,Lauren Green,28,IT,Director,8.6,175279,1,5,3,53,101,42,1
EMP0929,Alison Brown,29,IT,Specialist,5.7,69475,3,4,27,49,66,34,0
EMP0930,Jill Anderson,49,Operations,Associate,3.6,47674,1,4,27,63,16,75,0
EMP0931,Sandra Rivera,44,HR,Specialist,4.5,69944,2,2,17,59,35,71,1
EMP0932,Joel Jackson,44,IT,Specialist,12.7,69664,3,3,3,64,23,81,1
EMP0933,Samantha Foster,53,Operations,Specialist,11.5,70845,3,2,30,40,82,32,1
EMP0934,Michael Thompson,59,HR,VP,10.7,224838,5,1,6,37,23,81,0
EMP0935,Cody Ramirez,31,Operations,Manager,8.2,115062,5,5,2,45,28,86,0
EMP0936,Amanda Harvey,37,Finance,Specialist,10.2,59450,2,2,14,55,103,57,1
EMP0937,Edward Jenkins,40,Engineering,Associate,12.9,60142,2,4,5,62,132,81,0
EMP0938,Amy Ramirez,46,Operations,Manager,10.7,117111,3,5,11,37,34,71,0
EMP0939,Curtis Wilkerson,37,IT,VP,8.9,237806,5,2,23,46,91,100,0
EMP0940,Lydia Pham,36,Marketing,Manager,8.8,120842,1,2,0,52,57,37,0
EMP0941,Virginia Casey,52,IT,Specialist,1.4,57594,5,4,13,57,4,80,1
EMP0942,Joshua Washington,50,HR,VP,10.6,268248,2,5,21,53,80,30,0
EMP0943,Kathryn Price,25,Operations,Manager,9.0,91810,2,2,19,59,97,52,0
EMP0944,Francis Robinson,23,Operations,Director,11.1,167794,4,4,22,50,35,73,1
EMP0945,Paula Brown,41,HR,Specialist,10.8,77949,2,2,11,55,20,73,0
EMP0946,Kendra Wang DVM,28,Finance,Manager,0.8,127624,1,2,0,65,8,31,1
EMP0947,Ariel Sandoval,46,HR,Associate,12.1,56702,5,4,5,52,55,74,1
EMP0948,Robert Stark,31,Finance,Manager,8.8,103924,1,5,1,64,68,45,1
EMP0949,Zachary Robinson,41,HR,Associate,5.6,49064,2,5,4,54,43,88,0
EMP0950,Rebecca Kelly,57,IT,Director,11.9,143324,3,2,7,65,125,54,0
EMP0951,Sarah Thompson,24,HR,Associate,13.8,52232,3,5,18,53,136,96,0
EMP0952,Renee Wolfe,56,Operations,Specialist,4.6,76660,4,4,12,37,31,33,1
EMP0953,Alyssa Haynes,42,Finance,Director,9.3,180733,5,1,6,65,11,69,0
EMP0954,Kristy Hart,58,Finance,Specialist,9.8,78813,2,3,30,52,6,85,0
EMP0955,William Keith,55,IT,Specialist,7.9,65658,3,1,22,41,63,56,0
EMP0956,Eric Henry Jr.,22,Sales,Director,3.5,156173,2,4,26,42,23,81,1
EMP0957,Daniel Fox,31,Finance,Specialist,9.5,73929,2,3,13,57,1,83,0
EMP0958,Thomas Harris,46,HR,Specialist,12.3,69783,1,4,4,56,57,39,1
EMP0959,Mitchell Sellers,29,Engineering,Director,1.5,190026,3,5,9,44,18,63,0
EMP0960,Erica Johnson,29,Marketing,Specialist,14.3,71901,4,4,3,38,58,34,0
EMP0961,Sylvia Schroeder,33,Sales,Associate,4.0,47825,5,2,24,41,46,70,1
EMP0962,Shannon Yu,22,Engineering,Manager,13.0,108869,4,4,4,65,74,94,1
EMP0963,Tom Foster,33,Operations,Specialist,5.4,65686,5,3,17,40,18,100,0
EMP0964,Eric Taylor,25,Sales,Associate,6.4,58575,1,2,28,38,29,30,1
EMP0965,Travis Conner,58,Sales,Director,11.6,173149,1,4,29,53,98,66,0
EMP0966,Marie Thompson,46,Marketing,Specialist,10.4,73750,5,3,7,39,36,52,0
EMP0967,Melissa Mcfarland,46,HR,Specialist,5.8,76682,4,5,27,42,51,46,0
EMP0968,Courtney Chapman,44,Engineering,Director,6.6,171684,3,3,10,56,51,47,1
EMP0969,Eric Barker,35,Engineering,Specialist,10.8,68064,3,3,6,47,36,90,1
EMP0970,Nicholas Rush,50,HR,VP,6.5,221837,5,4,5,65,56,33,1
EMP0971,Jenna Gamble,46,Finance,Specialist,4.5,62575,4,3,14,42,47,46,1
EMP0972,Amanda Guzman,53,HR,VP,14.0,208792,1,1,0,64,13,72,0
EMP0973,Tracy Walker,42,HR,Specialist,11.3,70247,5,4,15,45,44,67,0
EMP0974,Taylor Taylor,57,Engineering,Specialist,2.9,81491,4,3,22,62,15,44,1
EMP0975,Cynthia Haas,31,Marketing,Associate,11.5,42235,1,5,22,61,92,86,1
EMP0976,Stephen Davis,33,Marketing,Associate,14.6,54700,2,2,19,44,173,80,0
EMP0977,Margaret Tanner,29,IT,Specialist,14.4,72684,1,5,28,53,106,51,0
EMP0978,Derek Wright,38,Engineering,VP,4.6,217725,2,3,8,49,27,73,1
EMP0979,David Rodriguez,51,Operations,Associate,5.3,36342,3,4,6,63,60,78,1
EMP0980,James Oconnor,39,Operations,Director,5.4,183520,3,3,17,41,62,66,1
EMP0981,Stacey Snyder,50,Operations,Associate,12.2,47193,2,1,5,46,16,49,0
EMP0982,Joshua Garcia,37,IT,Associate,13.0,36469,2,5,20,65,117,72,0
EMP0983,Sean Curtis,28,Finance,Associate,1.3,41045,1,4,25,56,7,56,1
EMP0984,Carla Jones,27,Marketing,Manager,9.6,107849,2,4,9,58,86,37,1
EMP0985,Elizabeth Flores,54,Sales,Associate,3.0,44580,1,1,6,40,20,59,1
EMP0986,Angela Jackson,59,HR,VP,6.5,244132,5,1,20,63,32,66,0
EMP0987,Nicholas Payne,26,Sales,Associate,7.7,44285,1,1,10,53,46,38,1
EMP0988,Anna Wheeler,42,Marketing,Manager,11.3,122883,5,2,7,53,43,35,1
EMP0989,Karen Johnson,48,Marketing,Director,5.2,166960,4,4,30,35,55,47,1
EMP0990,Carmen Preston,46,IT,Specialist,6.3,72246,2,1,0,47,60,49,1
EMP0991,Brian Harris,34,Sales,Director,6.2,157896,5,4,13,48,20,92,0
EMP0992,Michael Bowen,25,HR,Associate,1.5,47910,2,5,30,50,6,83,0
EMP0993,Deborah Campbell,41,Operations,Specialist,5.4,87230,2,5,9,45,47,46,1
EMP0994,Anthony Armstrong,52,Sales,Associate,7.0,52488,3,4,25,43,71,73,0
EMP0995,Brittany Ward,43,Operations,Specialist,13.6,85444,5,2,26,61,63,92,1
EMP0996,Edward Stanley,23,HR,VP,13.3,238491,5,4,14,54,68,38,1
EMP0997,Christina Johnson,34,IT,Manager,10.8,116097,3,3,26,54,123,48,0
EMP0998,Edgar Miller,42,Marketing,Manager,9.3,99305,3,1,23,63,24,97,0
EMP0999,Elizabeth Sanders,40,Engineering,Director,6.6,153236,1,1,20,55,53,40,1
